employee_id,supervisor_id,distance
1,1,0
2,1,1
2,2,0
4,1,1
4,4,0
5,1,1
5,5,0
6,1,1
6,6,0
7,1,1
7,7,0
8,1,2
8,5,1
8,8,0
9,1,2
9,5,1
9,9,0
10,1,1
10,10,0
11,1,2
11,5,1
11,11,0
12,1,2
12,5,1
12,12,0
13,1,2
13,5,1
13,13,0
14,1,2
14,5,1
14,14,0
15,1,2
15,5,1
15,15,0
16,1,2
16,5,1
16,16,0
17,1,2
17,5,1
17,17,0
18,1,2
18,4,1
18,18,0
19,1,2
19,4,1
19,19,0
20,1,2
20,2,1
20,20,0
21,1,2
21,2,1
21,21,0
22,1,2
22,2,1
22,22,0
23,1,3
23,2,2
23,20,1
23,23,0
24,1,3
24,2,2
24,20,1
24,24,0
25,1,3
25,2,2
25,21,1
25,25,0
26,1,3
26,2,2
26,21,1
26,26,0
27,1,3
27,2,2
27,21,1
27,27,0
28,1,3
28,2,2
28,21,1
28,28,0
29,1,3
29,2,2
29,22,1
29,29,0
30,1,3
30,2,2
30,22,1
30,30,0
31,1,3
31,2,2
31,22,1
31,31,0
32,1,3
32,2,2
32,22,1
32,32,0
33,1,3
33,2,2
33,22,1
33,33,0
34,1,3
34,2,2
34,22,1
34,34,0
35,1,3
35,2,2
35,22,1
35,35,0
36,1,1
36,36,0
37,1,2
37,6,1
37,37,0
38,1,2
38,6,1
38,38,0
39,1,2
39,6,1
39,39,0
40,1,2
40,6,1
40,40,0
41,1,2
41,36,1
41,41,0
42,1,2
42,36,1
42,42,0
43,1,2
43,7,1
43,43,0
44,1,2
44,7,1
44,44,0
45,1,2
45,10,1
45,45,0
46,1,2
46,10,1
46,46,0
47,1,2
47,10,1
47,47,0
48,1,2
48,10,1
48,48,0
49,1,2
49,10,1
49,49,0
50,1,2
50,10,1
50,50,0
51,1,2
51,10,1
51,51,0
52,1,2
52,10,1
52,52,0
53,1,4
53,2,3
53,21,2
53,25,1
53,53,0
54,1,5
54,2,4
54,21,3
54,25,2
54,53,1
54,54,0
55,1,5
55,2,4
55,21,3
55,25,2
55,53,1
55,55,0
56,1,5
56,2,4
56,21,3
56,25,2
56,53,1
56,56,0
57,1,5
57,2,4
57,21,3
57,25,2
57,53,1
57,57,0
58,1,5
58,2,4
58,21,3
58,25,2
58,53,1
58,58,0
59,1,5
59,2,4
59,21,3
59,25,2
59,53,1
59,59,0
60,1,6
60,2,5
60,21,4
60,25,3
60,53,2
60,54,1
60,60,0
61,1,6
61,2,5
61,21,4
61,25,3
61,53,2
61,54,1
61,61,0
62,1,6
62,2,5
62,21,4
62,25,3
62,53,2
62,54,1
62,62,0
63,1,6
63,2,5
63,21,4
63,25,3
63,53,2
63,54,1
63,63,0
64,1,6
64,2,5
64,21,4
64,25,3
64,53,2
64,55,1
64,64,0
65,1,6
65,2,5
65,21,4
65,25,3
65,53,2
65,55,1
65,65,0
66,1,6
66,2,5
66,21,4
66,25,3
66,53,2
66,55,1
66,66,0
67,1,6
67,2,5
67,21,4
67,25,3
67,53,2
67,56,1
67,67,0
68,1,6
68,2,5
68,21,4
68,25,3
68,53,2
68,56,1
68,68,0
69,1,6
69,2,5
69,21,4
69,25,3
69,53,2
69,56,1
69,69,0
70,1,6
70,2,5
70,21,4
70,25,3
70,53,2
70,54,1
70,70,0
71,1,6
71,2,5
71,21,4
71,25,3
71,53,2
71,54,1
71,71,0
72,1,6
72,2,5
72,21,4
72,25,3
72,53,2
72,54,1
72,72,0
73,1,6
73,2,5
73,21,4
73,25,3
73,53,2
73,54,1
73,73,0
74,1,6
74,2,5
74,21,4
74,25,3
74,53,2
74,55,1
74,74,0
75,1,6
75,2,5
75,21,4
75,25,3
75,53,2
75,55,1
75,75,0
76,1,6
76,2,5
76,21,4
76,25,3
76,53,2
76,55,1
76,76,0
77,1,6
77,2,5
77,21,4
77,25,3
77,53,2
77,56,1
77,77,0
78,1,6
78,2,5
78,21,4
78,25,3
78,53,2
78,56,1
78,78,0
79,1,6
79,2,5
79,21,4
79,25,3
79,53,2
79,56,1
79,79,0
80,1,6
80,2,5
80,21,4
80,25,3
80,53,2
80,54,1
80,80,0
81,1,6
81,2,5
81,21,4
81,25,3
81,53,2
81,54,1
81,81,0
82,1,6
82,2,5
82,21,4
82,25,3
82,53,2
82,54,1
82,82,0
83,1,6
83,2,5
83,21,4
83,25,3
83,53,2
83,54,1
83,83,0
84,1,6
84,2,5
84,21,4
84,25,3
84,53,2
84,55,1
84,84,0
85,1,6
85,2,5
85,21,4
85,25,3
85,53,2
85,55,1
85,85,0
86,1,6
86,2,5
86,21,4
86,25,3
86,53,2
86,55,1
86,86,0
87,1,6
87,2,5
87,21,4
87,25,3
87,53,2
87,56,1
87,87,0
88,1,6
88,2,5
88,21,4
88,25,3
88,53,2
88,56,1
88,88,0
89,1,6
89,2,5
89,21,4
89,25,3
89,53,2
89,56,1
89,89,0
90,1,6
90,2,5
90,21,4
90,25,3
90,53,2
90,54,1
90,90,0
91,1,6
91,2,5
91,21,4
91,25,3
91,53,2
91,54,1
91,91,0
92,1,6
92,2,5
92,21,4
92,25,3
92,53,2
92,54,1
92,92,0
93,1,6
93,2,5
93,21,4
93,25,3
93,53,2
93,54,1
93,93,0
94,1,6
94,2,5
94,21,4
94,25,3
94,53,2
94,55,1
94,94,0
95,1,6
95,2,5
95,21,4
95,25,3
95,53,2
95,55,1
95,95,0
96,1,6
96,2,5
96,21,4
96,25,3
96,53,2
96,55,1
96,96,0
97,1,6
97,2,5
97,21,4
97,25,3
97,53,2
97,56,1
97,97,0
98,1,6
98,2,5
98,21,4
98,25,3
98,53,2
98,56,1
98,98,0
99,1,6
99,2,5
99,21,4
99,25,3
99,53,2
99,56,1
99,99,0
100,1,4
100,2,3
100,21,2
100,26,1
100,100,0
101,1,5
101,2,4
101,21,3
101,26,2
101,100,1
101,101,0
102,1,5
102,2,4
102,21,3
102,26,2
102,100,1
102,102,0
103,1,5
103,2,4
103,21,3
103,26,2
103,100,1
103,103,0
104,1,5
104,2,4
104,21,3
104,26,2
104,100,1
104,104,0
105,1,5
105,2,4
105,21,3
105,26,2
105,100,1
105,105,0
106,1,5
106,2,4
106,21,3
106,26,2
106,100,1
106,106,0
107,1,6
107,2,5
107,21,4
107,26,3
107,100,2
107,101,1
107,107,0
108,1,6
108,2,5
108,21,4
108,26,3
108,100,2
108,101,1
108,108,0
109,1,6
109,2,5
109,21,4
109,26,3
109,100,2
109,101,1
109,109,0
110,1,6
110,2,5
110,21,4
110,26,3
110,100,2
110,101,1
110,110,0
111,1,6
111,2,5
111,21,4
111,26,3
111,100,2
111,102,1
111,111,0
112,1,6
112,2,5
112,21,4
112,26,3
112,100,2
112,102,1
112,112,0
113,1,6
113,2,5
113,21,4
113,26,3
113,100,2
113,102,1
113,113,0
114,1,6
114,2,5
114,21,4
114,26,3
114,100,2
114,102,1
114,114,0
115,1,6
115,2,5
115,21,4
115,26,3
115,100,2
115,103,1
115,115,0
116,1,6
116,2,5
116,21,4
116,26,3
116,100,2
116,103,1
116,116,0
117,1,6
117,2,5
117,21,4
117,26,3
117,100,2
117,103,1
117,117,0
118,1,6
118,2,5
118,21,4
118,26,3
118,100,2
118,103,1
118,118,0
119,1,6
119,2,5
119,21,4
119,26,3
119,100,2
119,101,1
119,119,0
120,1,6
120,2,5
120,21,4
120,26,3
120,100,2
120,101,1
120,120,0
121,1,6
121,2,5
121,21,4
121,26,3
121,100,2
121,101,1
121,121,0
122,1,6
122,2,5
122,21,4
122,26,3
122,100,2
122,101,1
122,122,0
123,1,6
123,2,5
123,21,4
123,26,3
123,100,2
123,101,1
123,123,0
124,1,6
124,2,5
124,21,4
124,26,3
124,100,2
124,102,1
124,124,0
125,1,6
125,2,5
125,21,4
125,26,3
125,100,2
125,102,1
125,125,0
126,1,6
126,2,5
126,21,4
126,26,3
126,100,2
126,102,1
126,126,0
127,1,6
127,2,5
127,21,4
127,26,3
127,100,2
127,102,1
127,127,0
128,1,6
128,2,5
128,21,4
128,26,3
128,100,2
128,102,1
128,128,0
129,1,6
129,2,5
129,21,4
129,26,3
129,100,2
129,103,1
129,129,0
130,1,6
130,2,5
130,21,4
130,26,3
130,100,2
130,103,1
130,130,0
131,1,6
131,2,5
131,21,4
131,26,3
131,100,2
131,103,1
131,131,0
132,1,6
132,2,5
132,21,4
132,26,3
132,100,2
132,103,1
132,132,0
133,1,6
133,2,5
133,21,4
133,26,3
133,100,2
133,103,1
133,133,0
134,1,6
134,2,5
134,21,4
134,26,3
134,100,2
134,101,1
134,134,0
135,1,6
135,2,5
135,21,4
135,26,3
135,100,2
135,101,1
135,135,0
136,1,6
136,2,5
136,21,4
136,26,3
136,100,2
136,101,1
136,136,0
137,1,6
137,2,5
137,21,4
137,26,3
137,100,2
137,101,1
137,137,0
138,1,6
138,2,5
138,21,4
138,26,3
138,100,2
138,102,1
138,138,0
139,1,6
139,2,5
139,21,4
139,26,3
139,100,2
139,102,1
139,139,0
140,1,6
140,2,5
140,21,4
140,26,3
140,100,2
140,102,1
140,140,0
141,1,6
141,2,5
141,21,4
141,26,3
141,100,2
141,102,1
141,141,0
142,1,6
142,2,5
142,21,4
142,26,3
142,100,2
142,103,1
142,142,0
143,1,6
143,2,5
143,21,4
143,26,3
143,100,2
143,103,1
143,143,0
144,1,6
144,2,5
144,21,4
144,26,3
144,100,2
144,103,1
144,144,0
145,1,6
145,2,5
145,21,4
145,26,3
145,100,2
145,103,1
145,145,0
146,1,6
146,2,5
146,21,4
146,26,3
146,100,2
146,101,1
146,146,0
147,1,6
147,2,5
147,21,4
147,26,3
147,100,2
147,101,1
147,147,0
148,1,6
148,2,5
148,21,4
148,26,3
148,100,2
148,101,1
148,148,0
149,1,6
149,2,5
149,21,4
149,26,3
149,100,2
149,101,1
149,149,0
150,1,6
150,2,5
150,21,4
150,26,3
150,100,2
150,101,1
150,150,0
151,1,6
151,2,5
151,21,4
151,26,3
151,100,2
151,102,1
151,151,0
152,1,6
152,2,5
152,21,4
152,26,3
152,100,2
152,102,1
152,152,0
153,1,6
153,2,5
153,21,4
153,26,3
153,100,2
153,102,1
153,153,0
154,1,6
154,2,5
154,21,4
154,26,3
154,100,2
154,102,1
154,154,0
155,1,6
155,2,5
155,21,4
155,26,3
155,100,2
155,102,1
155,155,0
156,1,6
156,2,5
156,21,4
156,26,3
156,100,2
156,103,1
156,156,0
157,1,6
157,2,5
157,21,4
157,26,3
157,100,2
157,103,1
157,157,0
158,1,6
158,2,5
158,21,4
158,26,3
158,100,2
158,103,1
158,158,0
159,1,6
159,2,5
159,21,4
159,26,3
159,100,2
159,103,1
159,159,0
160,1,6
160,2,5
160,21,4
160,26,3
160,100,2
160,103,1
160,160,0
161,1,4
161,2,3
161,21,2
161,28,1
161,161,0
162,1,5
162,2,4
162,21,3
162,28,2
162,161,1
162,162,0
163,1,5
163,2,4
163,21,3
163,28,2
163,161,1
163,163,0
164,1,5
164,2,4
164,21,3
164,28,2
164,161,1
164,164,0
165,1,5
165,2,4
165,21,3
165,28,2
165,161,1
165,165,0
166,1,5
166,2,4
166,21,3
166,28,2
166,161,1
166,166,0
167,1,5
167,2,4
167,21,3
167,28,2
167,161,1
167,167,0
168,1,6
168,2,5
168,21,4
168,28,3
168,161,2
168,162,1
168,168,0
169,1,6
169,2,5
169,21,4
169,28,3
169,161,2
169,162,1
169,169,0
170,1,6
170,2,5
170,21,4
170,28,3
170,161,2
170,162,1
170,170,0
171,1,6
171,2,5
171,21,4
171,28,3
171,161,2
171,162,1
171,171,0
172,1,6
172,2,5
172,21,4
172,28,3
172,161,2
172,163,1
172,172,0
173,1,6
173,2,5
173,21,4
173,28,3
173,161,2
173,163,1
173,173,0
174,1,6
174,2,5
174,21,4
174,28,3
174,161,2
174,163,1
174,174,0
175,1,6
175,2,5
175,21,4
175,28,3
175,161,2
175,163,1
175,175,0
176,1,6
176,2,5
176,21,4
176,28,3
176,161,2
176,164,1
176,176,0
177,1,6
177,2,5
177,21,4
177,28,3
177,161,2
177,164,1
177,177,0
178,1,6
178,2,5
178,21,4
178,28,3
178,161,2
178,164,1
178,178,0
179,1,6
179,2,5
179,21,4
179,28,3
179,161,2
179,164,1
179,179,0
180,1,6
180,2,5
180,21,4
180,28,3
180,161,2
180,162,1
180,180,0
181,1,6
181,2,5
181,21,4
181,28,3
181,161,2
181,162,1
181,181,0
182,1,6
182,2,5
182,21,4
182,28,3
182,161,2
182,162,1
182,182,0
183,1,6
183,2,5
183,21,4
183,28,3
183,161,2
183,162,1
183,183,0
184,1,6
184,2,5
184,21,4
184,28,3
184,161,2
184,162,1
184,184,0
185,1,6
185,2,5
185,21,4
185,28,3
185,161,2
185,163,1
185,185,0
186,1,6
186,2,5
186,21,4
186,28,3
186,161,2
186,163,1
186,186,0
187,1,6
187,2,5
187,21,4
187,28,3
187,161,2
187,163,1
187,187,0
188,1,6
188,2,5
188,21,4
188,28,3
188,161,2
188,163,1
188,188,0
189,1,6
189,2,5
189,21,4
189,28,3
189,161,2
189,163,1
189,189,0
190,1,6
190,2,5
190,21,4
190,28,3
190,161,2
190,164,1
190,190,0
191,1,6
191,2,5
191,21,4
191,28,3
191,161,2
191,164,1
191,191,0
192,1,6
192,2,5
192,21,4
192,28,3
192,161,2
192,164,1
192,192,0
193,1,6
193,2,5
193,21,4
193,28,3
193,161,2
193,164,1
193,193,0
194,1,6
194,2,5
194,21,4
194,28,3
194,161,2
194,164,1
194,194,0
195,1,6
195,2,5
195,21,4
195,28,3
195,161,2
195,162,1
195,195,0
196,1,6
196,2,5
196,21,4
196,28,3
196,161,2
196,162,1
196,196,0
197,1,6
197,2,5
197,21,4
197,28,3
197,161,2
197,162,1
197,197,0
198,1,6
198,2,5
198,21,4
198,28,3
198,161,2
198,162,1
198,198,0
199,1,6
199,2,5
199,21,4
199,28,3
199,161,2
199,163,1
199,199,0
200,1,6
200,2,5
200,21,4
200,28,3
200,161,2
200,163,1
200,200,0
201,1,6
201,2,5
201,21,4
201,28,3
201,161,2
201,163,1
201,201,0
202,1,6
202,2,5
202,21,4
202,28,3
202,161,2
202,163,1
202,202,0
203,1,6
203,2,5
203,21,4
203,28,3
203,161,2
203,164,1
203,203,0
204,1,6
204,2,5
204,21,4
204,28,3
204,161,2
204,164,1
204,204,0
205,1,6
205,2,5
205,21,4
205,28,3
205,161,2
205,164,1
205,205,0
206,1,6
206,2,5
206,21,4
206,28,3
206,161,2
206,164,1
206,206,0
207,1,6
207,2,5
207,21,4
207,28,3
207,161,2
207,162,1
207,207,0
208,1,6
208,2,5
208,21,4
208,28,3
208,161,2
208,162,1
208,208,0
209,1,6
209,2,5
209,21,4
209,28,3
209,161,2
209,162,1
209,209,0
210,1,6
210,2,5
210,21,4
210,28,3
210,161,2
210,162,1
210,210,0
211,1,6
211,2,5
211,21,4
211,28,3
211,161,2
211,162,1
211,211,0
212,1,6
212,2,5
212,21,4
212,28,3
212,161,2
212,163,1
212,212,0
213,1,6
213,2,5
213,21,4
213,28,3
213,161,2
213,163,1
213,213,0
214,1,6
214,2,5
214,21,4
214,28,3
214,161,2
214,163,1
214,214,0
215,1,6
215,2,5
215,21,4
215,28,3
215,161,2
215,163,1
215,215,0
216,1,6
216,2,5
216,21,4
216,28,3
216,161,2
216,163,1
216,216,0
217,1,6
217,2,5
217,21,4
217,28,3
217,161,2
217,164,1
217,217,0
218,1,6
218,2,5
218,21,4
218,28,3
218,161,2
218,164,1
218,218,0
219,1,6
219,2,5
219,21,4
219,28,3
219,161,2
219,164,1
219,219,0
220,1,6
220,2,5
220,21,4
220,28,3
220,161,2
220,164,1
220,220,0
221,1,6
221,2,5
221,21,4
221,28,3
221,161,2
221,164,1
221,221,0
222,1,4
222,2,3
222,20,2
222,23,1
222,222,0
223,1,5
223,2,4
223,20,3
223,23,2
223,222,1
223,223,0
224,1,5
224,2,4
224,20,3
224,23,2
224,222,1
224,224,0
225,1,4
225,2,3
225,21,2
225,27,1
225,225,0
226,1,5
226,2,4
226,21,3
226,27,2
226,225,1
226,226,0
227,1,5
227,2,4
227,21,3
227,27,2
227,225,1
227,227,0
228,1,5
228,2,4
228,21,3
228,27,2
228,225,1
228,228,0
229,1,5
229,2,4
229,21,3
229,27,2
229,225,1
229,229,0
230,1,5
230,2,4
230,21,3
230,27,2
230,225,1
230,230,0
231,1,5
231,2,4
231,21,3
231,27,2
231,225,1
231,231,0
232,1,6
232,2,5
232,21,4
232,27,3
232,225,2
232,226,1
232,232,0
233,1,6
233,2,5
233,21,4
233,27,3
233,225,2
233,226,1
233,233,0
234,1,6
234,2,5
234,21,4
234,27,3
234,225,2
234,226,1
234,234,0
235,1,6
235,2,5
235,21,4
235,27,3
235,225,2
235,226,1
235,235,0
236,1,6
236,2,5
236,21,4
236,27,3
236,225,2
236,227,1
236,236,0
237,1,6
237,2,5
237,21,4
237,27,3
237,225,2
237,227,1
237,237,0
238,1,6
238,2,5
238,21,4
238,27,3
238,225,2
238,227,1
238,238,0
239,1,6
239,2,5
239,21,4
239,27,3
239,225,2
239,227,1
239,239,0
240,1,6
240,2,5
240,21,4
240,27,3
240,225,2
240,228,1
240,240,0
241,1,6
241,2,5
241,21,4
241,27,3
241,225,2
241,228,1
241,241,0
242,1,6
242,2,5
242,21,4
242,27,3
242,225,2
242,228,1
242,242,0
243,1,6
243,2,5
243,21,4
243,27,3
243,225,2
243,228,1
243,243,0
244,1,6
244,2,5
244,21,4
244,27,3
244,225,2
244,226,1
244,244,0
245,1,6
245,2,5
245,21,4
245,27,3
245,225,2
245,226,1
245,245,0
246,1,6
246,2,5
246,21,4
246,27,3
246,225,2
246,226,1
246,246,0
247,1,6
247,2,5
247,21,4
247,27,3
247,225,2
247,226,1
247,247,0
248,1,6
248,2,5
248,21,4
248,27,3
248,225,2
248,226,1
248,248,0
249,1,6
249,2,5
249,21,4
249,27,3
249,225,2
249,227,1
249,249,0
250,1,6
250,2,5
250,21,4
250,27,3
250,225,2
250,227,1
250,250,0
251,1,6
251,2,5
251,21,4
251,27,3
251,225,2
251,227,1
251,251,0
252,1,6
252,2,5
252,21,4
252,27,3
252,225,2
252,227,1
252,252,0
253,1,6
253,2,5
253,21,4
253,27,3
253,225,2
253,227,1
253,253,0
254,1,6
254,2,5
254,21,4
254,27,3
254,225,2
254,228,1
254,254,0
255,1,6
255,2,5
255,21,4
255,27,3
255,225,2
255,228,1
255,255,0
256,1,6
256,2,5
256,21,4
256,27,3
256,225,2
256,228,1
256,256,0
257,1,6
257,2,5
257,21,4
257,27,3
257,225,2
257,228,1
257,257,0
258,1,6
258,2,5
258,21,4
258,27,3
258,225,2
258,228,1
258,258,0
259,1,6
259,2,5
259,21,4
259,27,3
259,225,2
259,226,1
259,259,0
260,1,6
260,2,5
260,21,4
260,27,3
260,225,2
260,226,1
260,260,0
261,1,6
261,2,5
261,21,4
261,27,3
261,225,2
261,226,1
261,261,0
262,1,6
262,2,5
262,21,4
262,27,3
262,225,2
262,226,1
262,262,0
263,1,6
263,2,5
263,21,4
263,27,3
263,225,2
263,227,1
263,263,0
264,1,6
264,2,5
264,21,4
264,27,3
264,225,2
264,227,1
264,264,0
265,1,6
265,2,5
265,21,4
265,27,3
265,225,2
265,227,1
265,265,0
266,1,6
266,2,5
266,21,4
266,27,3
266,225,2
266,227,1
266,266,0
267,1,6
267,2,5
267,21,4
267,27,3
267,225,2
267,228,1
267,267,0
268,1,6
268,2,5
268,21,4
268,27,3
268,225,2
268,228,1
268,268,0
269,1,6
269,2,5
269,21,4
269,27,3
269,225,2
269,228,1
269,269,0
270,1,6
270,2,5
270,21,4
270,27,3
270,225,2
270,228,1
270,270,0
271,1,6
271,2,5
271,21,4
271,27,3
271,225,2
271,226,1
271,271,0
272,1,6
272,2,5
272,21,4
272,27,3
272,225,2
272,226,1
272,272,0
273,1,6
273,2,5
273,21,4
273,27,3
273,225,2
273,226,1
273,273,0
274,1,6
274,2,5
274,21,4
274,27,3
274,225,2
274,226,1
274,274,0
275,1,6
275,2,5
275,21,4
275,27,3
275,225,2
275,226,1
275,275,0
276,1,6
276,2,5
276,21,4
276,27,3
276,225,2
276,227,1
276,276,0
277,1,6
277,2,5
277,21,4
277,27,3
277,225,2
277,227,1
277,277,0
278,1,6
278,2,5
278,21,4
278,27,3
278,225,2
278,227,1
278,278,0
279,1,6
279,2,5
279,21,4
279,27,3
279,225,2
279,227,1
279,279,0
280,1,6
280,2,5
280,21,4
280,27,3
280,225,2
280,227,1
280,280,0
281,1,6
281,2,5
281,21,4
281,27,3
281,225,2
281,228,1
281,281,0
282,1,6
282,2,5
282,21,4
282,27,3
282,225,2
282,228,1
282,282,0
283,1,6
283,2,5
283,21,4
283,27,3
283,225,2
283,228,1
283,283,0
284,1,6
284,2,5
284,21,4
284,27,3
284,225,2
284,228,1
284,284,0
285,1,6
285,2,5
285,21,4
285,27,3
285,225,2
285,228,1
285,285,0
286,1,4
286,2,3
286,20,2
286,24,1
286,286,0
287,1,5
287,2,4
287,20,3
287,24,2
287,286,1
287,287,0
288,1,5
288,2,4
288,20,3
288,24,2
288,286,1
288,288,0
289,1,5
289,2,4
289,20,3
289,24,2
289,286,1
289,289,0
290,1,5
290,2,4
290,20,3
290,24,2
290,286,1
290,290,0
291,1,5
291,2,4
291,20,3
291,24,2
291,286,1
291,291,0
292,1,5
292,2,4
292,20,3
292,24,2
292,286,1
292,292,0
293,1,6
293,2,5
293,20,4
293,24,3
293,286,2
293,287,1
293,293,0
294,1,6
294,2,5
294,20,4
294,24,3
294,286,2
294,287,1
294,294,0
295,1,6
295,2,5
295,20,4
295,24,3
295,286,2
295,287,1
295,295,0
296,1,6
296,2,5
296,20,4
296,24,3
296,286,2
296,287,1
296,296,0
297,1,6
297,2,5
297,20,4
297,24,3
297,286,2
297,287,1
297,297,0
298,1,6
298,2,5
298,20,4
298,24,3
298,286,2
298,288,1
298,298,0
299,1,6
299,2,5
299,20,4
299,24,3
299,286,2
299,288,1
299,299,0
300,1,6
300,2,5
300,20,4
300,24,3
300,286,2
300,288,1
300,300,0
301,1,6
301,2,5
301,20,4
301,24,3
301,286,2
301,288,1
301,301,0
302,1,6
302,2,5
302,20,4
302,24,3
302,286,2
302,288,1
302,302,0
303,1,6
303,2,5
303,20,4
303,24,3
303,286,2
303,289,1
303,303,0
304,1,6
304,2,5
304,20,4
304,24,3
304,286,2
304,289,1
304,304,0
305,1,6
305,2,5
305,20,4
305,24,3
305,286,2
305,289,1
305,305,0
306,1,6
306,2,5
306,20,4
306,24,3
306,286,2
306,289,1
306,306,0
307,1,6
307,2,5
307,20,4
307,24,3
307,286,2
307,289,1
307,307,0
308,1,6
308,2,5
308,20,4
308,24,3
308,286,2
308,287,1
308,308,0
309,1,6
309,2,5
309,20,4
309,24,3
309,286,2
309,287,1
309,309,0
310,1,6
310,2,5
310,20,4
310,24,3
310,286,2
310,287,1
310,310,0
311,1,6
311,2,5
311,20,4
311,24,3
311,286,2
311,287,1
311,311,0
312,1,6
312,2,5
312,20,4
312,24,3
312,286,2
312,287,1
312,312,0
313,1,6
313,2,5
313,20,4
313,24,3
313,286,2
313,287,1
313,313,0
314,1,6
314,2,5
314,20,4
314,24,3
314,286,2
314,288,1
314,314,0
315,1,6
315,2,5
315,20,4
315,24,3
315,286,2
315,288,1
315,315,0
316,1,6
316,2,5
316,20,4
316,24,3
316,286,2
316,288,1
316,316,0
317,1,6
317,2,5
317,20,4
317,24,3
317,286,2
317,288,1
317,317,0
318,1,6
318,2,5
318,20,4
318,24,3
318,286,2
318,288,1
318,318,0
319,1,6
319,2,5
319,20,4
319,24,3
319,286,2
319,288,1
319,319,0
320,1,6
320,2,5
320,20,4
320,24,3
320,286,2
320,289,1
320,320,0
321,1,6
321,2,5
321,20,4
321,24,3
321,286,2
321,289,1
321,321,0
322,1,6
322,2,5
322,20,4
322,24,3
322,286,2
322,289,1
322,322,0
323,1,6
323,2,5
323,20,4
323,24,3
323,286,2
323,289,1
323,323,0
324,1,6
324,2,5
324,20,4
324,24,3
324,286,2
324,289,1
324,324,0
325,1,6
325,2,5
325,20,4
325,24,3
325,286,2
325,289,1
325,325,0
326,1,6
326,2,5
326,20,4
326,24,3
326,286,2
326,287,1
326,326,0
327,1,6
327,2,5
327,20,4
327,24,3
327,286,2
327,287,1
327,327,0
328,1,6
328,2,5
328,20,4
328,24,3
328,286,2
328,287,1
328,328,0
329,1,6
329,2,5
329,20,4
329,24,3
329,286,2
329,287,1
329,329,0
330,1,6
330,2,5
330,20,4
330,24,3
330,286,2
330,287,1
330,330,0
331,1,6
331,2,5
331,20,4
331,24,3
331,286,2
331,288,1
331,331,0
332,1,6
332,2,5
332,20,4
332,24,3
332,286,2
332,288,1
332,332,0
333,1,6
333,2,5
333,20,4
333,24,3
333,286,2
333,288,1
333,333,0
334,1,6
334,2,5
334,20,4
334,24,3
334,286,2
334,288,1
334,334,0
335,1,6
335,2,5
335,20,4
335,24,3
335,286,2
335,288,1
335,335,0
336,1,6
336,2,5
336,20,4
336,24,3
336,286,2
336,289,1
336,336,0
337,1,6
337,2,5
337,20,4
337,24,3
337,286,2
337,289,1
337,337,0
338,1,6
338,2,5
338,20,4
338,24,3
338,286,2
338,289,1
338,338,0
339,1,6
339,2,5
339,20,4
339,24,3
339,286,2
339,289,1
339,339,0
340,1,6
340,2,5
340,20,4
340,24,3
340,286,2
340,289,1
340,340,0
341,1,6
341,2,5
341,20,4
341,24,3
341,286,2
341,287,1
341,341,0
342,1,6
342,2,5
342,20,4
342,24,3
342,286,2
342,287,1
342,342,0
343,1,6
343,2,5
343,20,4
343,24,3
343,286,2
343,287,1
343,343,0
344,1,6
344,2,5
344,20,4
344,24,3
344,286,2
344,287,1
344,344,0
345,1,6
345,2,5
345,20,4
345,24,3
345,286,2
345,287,1
345,345,0
346,1,6
346,2,5
346,20,4
346,24,3
346,286,2
346,287,1
346,346,0
347,1,6
347,2,5
347,20,4
347,24,3
347,286,2
347,288,1
347,347,0
348,1,6
348,2,5
348,20,4
348,24,3
348,286,2
348,288,1
348,348,0
349,1,6
349,2,5
349,20,4
349,24,3
349,286,2
349,288,1
349,349,0
350,1,6
350,2,5
350,20,4
350,24,3
350,286,2
350,288,1
350,350,0
351,1,6
351,2,5
351,20,4
351,24,3
351,286,2
351,288,1
351,351,0
352,1,6
352,2,5
352,20,4
352,24,3
352,286,2
352,288,1
352,352,0
353,1,6
353,2,5
353,20,4
353,24,3
353,286,2
353,289,1
353,353,0
354,1,6
354,2,5
354,20,4
354,24,3
354,286,2
354,289,1
354,354,0
355,1,6
355,2,5
355,20,4
355,24,3
355,286,2
355,289,1
355,355,0
356,1,6
356,2,5
356,20,4
356,24,3
356,286,2
356,289,1
356,356,0
357,1,6
357,2,5
357,20,4
357,24,3
357,286,2
357,289,1
357,357,0
358,1,6
358,2,5
358,20,4
358,24,3
358,286,2
358,289,1
358,358,0
359,1,4
359,2,3
359,22,2
359,29,1
359,359,0
360,1,5
360,2,4
360,22,3
360,29,2
360,359,1
360,360,0
361,1,5
361,2,4
361,22,3
361,29,2
361,359,1
361,361,0
362,1,4
362,2,3
362,22,2
362,30,1
362,362,0
363,1,5
363,2,4
363,22,3
363,30,2
363,362,1
363,363,0
364,1,5
364,2,4
364,22,3
364,30,2
364,362,1
364,364,0
365,1,5
365,2,4
365,22,3
365,30,2
365,362,1
365,365,0
366,1,5
366,2,4
366,22,3
366,30,2
366,362,1
366,366,0
367,1,5
367,2,4
367,22,3
367,30,2
367,362,1
367,367,0
368,1,5
368,2,4
368,22,3
368,30,2
368,362,1
368,368,0
369,1,6
369,2,5
369,22,4
369,30,3
369,362,2
369,363,1
369,369,0
370,1,6
370,2,5
370,22,4
370,30,3
370,362,2
370,363,1
370,370,0
371,1,6
371,2,5
371,22,4
371,30,3
371,362,2
371,363,1
371,371,0
372,1,6
372,2,5
372,22,4
372,30,3
372,362,2
372,363,1
372,372,0
373,1,6
373,2,5
373,22,4
373,30,3
373,362,2
373,364,1
373,373,0
374,1,6
374,2,5
374,22,4
374,30,3
374,362,2
374,364,1
374,374,0
375,1,6
375,2,5
375,22,4
375,30,3
375,362,2
375,364,1
375,375,0
376,1,6
376,2,5
376,22,4
376,30,3
376,362,2
376,364,1
376,376,0
377,1,6
377,2,5
377,22,4
377,30,3
377,362,2
377,365,1
377,377,0
378,1,6
378,2,5
378,22,4
378,30,3
378,362,2
378,365,1
378,378,0
379,1,6
379,2,5
379,22,4
379,30,3
379,362,2
379,365,1
379,379,0
380,1,6
380,2,5
380,22,4
380,30,3
380,362,2
380,365,1
380,380,0
381,1,6
381,2,5
381,22,4
381,30,3
381,362,2
381,363,1
381,381,0
382,1,6
382,2,5
382,22,4
382,30,3
382,362,2
382,363,1
382,382,0
383,1,6
383,2,5
383,22,4
383,30,3
383,362,2
383,363,1
383,383,0
384,1,6
384,2,5
384,22,4
384,30,3
384,362,2
384,363,1
384,384,0
385,1,6
385,2,5
385,22,4
385,30,3
385,362,2
385,363,1
385,385,0
386,1,6
386,2,5
386,22,4
386,30,3
386,362,2
386,364,1
386,386,0
387,1,6
387,2,5
387,22,4
387,30,3
387,362,2
387,364,1
387,387,0
388,1,6
388,2,5
388,22,4
388,30,3
388,362,2
388,364,1
388,388,0
389,1,6
389,2,5
389,22,4
389,30,3
389,362,2
389,364,1
389,389,0
390,1,6
390,2,5
390,22,4
390,30,3
390,362,2
390,364,1
390,390,0
391,1,6
391,2,5
391,22,4
391,30,3
391,362,2
391,365,1
391,391,0
392,1,6
392,2,5
392,22,4
392,30,3
392,362,2
392,365,1
392,392,0
393,1,6
393,2,5
393,22,4
393,30,3
393,362,2
393,365,1
393,393,0
394,1,6
394,2,5
394,22,4
394,30,3
394,362,2
394,365,1
394,394,0
395,1,6
395,2,5
395,22,4
395,30,3
395,362,2
395,365,1
395,395,0
396,1,6
396,2,5
396,22,4
396,30,3
396,362,2
396,363,1
396,396,0
397,1,6
397,2,5
397,22,4
397,30,3
397,362,2
397,363,1
397,397,0
398,1,6
398,2,5
398,22,4
398,30,3
398,362,2
398,363,1
398,398,0
399,1,6
399,2,5
399,22,4
399,30,3
399,362,2
399,363,1
399,399,0
400,1,6
400,2,5
400,22,4
400,30,3
400,362,2
400,364,1
400,400,0
401,1,6
401,2,5
401,22,4
401,30,3
401,362,2
401,364,1
401,401,0
402,1,6
402,2,5
402,22,4
402,30,3
402,362,2
402,364,1
402,402,0
403,1,6
403,2,5
403,22,4
403,30,3
403,362,2
403,364,1
403,403,0
404,1,6
404,2,5
404,22,4
404,30,3
404,362,2
404,365,1
404,404,0
405,1,6
405,2,5
405,22,4
405,30,3
405,362,2
405,365,1
405,405,0
406,1,6
406,2,5
406,22,4
406,30,3
406,362,2
406,365,1
406,406,0
407,1,6
407,2,5
407,22,4
407,30,3
407,362,2
407,365,1
407,407,0
408,1,6
408,2,5
408,22,4
408,30,3
408,362,2
408,363,1
408,408,0
409,1,6
409,2,5
409,22,4
409,30,3
409,362,2
409,363,1
409,409,0
410,1,6
410,2,5
410,22,4
410,30,3
410,362,2
410,363,1
410,410,0
411,1,6
411,2,5
411,22,4
411,30,3
411,362,2
411,363,1
411,411,0
412,1,6
412,2,5
412,22,4
412,30,3
412,362,2
412,363,1
412,412,0
413,1,6
413,2,5
413,22,4
413,30,3
413,362,2
413,364,1
413,413,0
414,1,6
414,2,5
414,22,4
414,30,3
414,362,2
414,364,1
414,414,0
415,1,6
415,2,5
415,22,4
415,30,3
415,362,2
415,364,1
415,415,0
416,1,6
416,2,5
416,22,4
416,30,3
416,362,2
416,364,1
416,416,0
417,1,6
417,2,5
417,22,4
417,30,3
417,362,2
417,364,1
417,417,0
418,1,6
418,2,5
418,22,4
418,30,3
418,362,2
418,365,1
418,418,0
419,1,6
419,2,5
419,22,4
419,30,3
419,362,2
419,365,1
419,419,0
420,1,6
420,2,5
420,22,4
420,30,3
420,362,2
420,365,1
420,420,0
421,1,6
421,2,5
421,22,4
421,30,3
421,362,2
421,365,1
421,421,0
422,1,6
422,2,5
422,22,4
422,30,3
422,362,2
422,365,1
422,422,0
423,1,4
423,2,3
423,22,2
423,31,1
423,423,0
424,1,5
424,2,4
424,22,3
424,31,2
424,423,1
424,424,0
425,1,5
425,2,4
425,22,3
425,31,2
425,423,1
425,425,0
426,1,5
426,2,4
426,22,3
426,31,2
426,423,1
426,426,0
427,1,5
427,2,4
427,22,3
427,31,2
427,423,1
427,427,0
428,1,5
428,2,4
428,22,3
428,31,2
428,423,1
428,428,0
429,1,5
429,2,4
429,22,3
429,31,2
429,423,1
429,429,0
430,1,6
430,2,5
430,22,4
430,31,3
430,423,2
430,424,1
430,430,0
431,1,6
431,2,5
431,22,4
431,31,3
431,423,2
431,424,1
431,431,0
432,1,6
432,2,5
432,22,4
432,31,3
432,423,2
432,424,1
432,432,0
433,1,6
433,2,5
433,22,4
433,31,3
433,423,2
433,424,1
433,433,0
434,1,6
434,2,5
434,22,4
434,31,3
434,423,2
434,425,1
434,434,0
435,1,6
435,2,5
435,22,4
435,31,3
435,423,2
435,425,1
435,435,0
436,1,6
436,2,5
436,22,4
436,31,3
436,423,2
436,425,1
436,436,0
437,1,6
437,2,5
437,22,4
437,31,3
437,423,2
437,425,1
437,437,0
438,1,6
438,2,5
438,22,4
438,31,3
438,423,2
438,426,1
438,438,0
439,1,6
439,2,5
439,22,4
439,31,3
439,423,2
439,426,1
439,439,0
440,1,6
440,2,5
440,22,4
440,31,3
440,423,2
440,426,1
440,440,0
441,1,6
441,2,5
441,22,4
441,31,3
441,423,2
441,426,1
441,441,0
442,1,6
442,2,5
442,22,4
442,31,3
442,423,2
442,424,1
442,442,0
443,1,6
443,2,5
443,22,4
443,31,3
443,423,2
443,424,1
443,443,0
444,1,6
444,2,5
444,22,4
444,31,3
444,423,2
444,424,1
444,444,0
445,1,6
445,2,5
445,22,4
445,31,3
445,423,2
445,424,1
445,445,0
446,1,6
446,2,5
446,22,4
446,31,3
446,423,2
446,424,1
446,446,0
447,1,6
447,2,5
447,22,4
447,31,3
447,423,2
447,425,1
447,447,0
448,1,6
448,2,5
448,22,4
448,31,3
448,423,2
448,425,1
448,448,0
449,1,6
449,2,5
449,22,4
449,31,3
449,423,2
449,425,1
449,449,0
450,1,6
450,2,5
450,22,4
450,31,3
450,423,2
450,425,1
450,450,0
451,1,6
451,2,5
451,22,4
451,31,3
451,423,2
451,425,1
451,451,0
452,1,6
452,2,5
452,22,4
452,31,3
452,423,2
452,426,1
452,452,0
453,1,6
453,2,5
453,22,4
453,31,3
453,423,2
453,426,1
453,453,0
454,1,6
454,2,5
454,22,4
454,31,3
454,423,2
454,426,1
454,454,0
455,1,6
455,2,5
455,22,4
455,31,3
455,423,2
455,426,1
455,455,0
456,1,6
456,2,5
456,22,4
456,31,3
456,423,2
456,426,1
456,456,0
457,1,6
457,2,5
457,22,4
457,31,3
457,423,2
457,424,1
457,457,0
458,1,6
458,2,5
458,22,4
458,31,3
458,423,2
458,424,1
458,458,0
459,1,6
459,2,5
459,22,4
459,31,3
459,423,2
459,424,1
459,459,0
460,1,6
460,2,5
460,22,4
460,31,3
460,423,2
460,424,1
460,460,0
461,1,6
461,2,5
461,22,4
461,31,3
461,423,2
461,425,1
461,461,0
462,1,6
462,2,5
462,22,4
462,31,3
462,423,2
462,425,1
462,462,0
463,1,6
463,2,5
463,22,4
463,31,3
463,423,2
463,425,1
463,463,0
464,1,6
464,2,5
464,22,4
464,31,3
464,423,2
464,425,1
464,464,0
465,1,6
465,2,5
465,22,4
465,31,3
465,423,2
465,426,1
465,465,0
466,1,6
466,2,5
466,22,4
466,31,3
466,423,2
466,426,1
466,466,0
467,1,6
467,2,5
467,22,4
467,31,3
467,423,2
467,426,1
467,467,0
468,1,6
468,2,5
468,22,4
468,31,3
468,423,2
468,426,1
468,468,0
469,1,6
469,2,5
469,22,4
469,31,3
469,423,2
469,424,1
469,469,0
470,1,6
470,2,5
470,22,4
470,31,3
470,423,2
470,424,1
470,470,0
471,1,6
471,2,5
471,22,4
471,31,3
471,423,2
471,424,1
471,471,0
472,1,6
472,2,5
472,22,4
472,31,3
472,423,2
472,424,1
472,472,0
473,1,6
473,2,5
473,22,4
473,31,3
473,423,2
473,424,1
473,473,0
474,1,6
474,2,5
474,22,4
474,31,3
474,423,2
474,425,1
474,474,0
475,1,6
475,2,5
475,22,4
475,31,3
475,423,2
475,425,1
475,475,0
476,1,6
476,2,5
476,22,4
476,31,3
476,423,2
476,425,1
476,476,0
477,1,6
477,2,5
477,22,4
477,31,3
477,423,2
477,425,1
477,477,0
478,1,6
478,2,5
478,22,4
478,31,3
478,423,2
478,425,1
478,478,0
479,1,6
479,2,5
479,22,4
479,31,3
479,423,2
479,426,1
479,479,0
480,1,6
480,2,5
480,22,4
480,31,3
480,423,2
480,426,1
480,480,0
481,1,6
481,2,5
481,22,4
481,31,3
481,423,2
481,426,1
481,481,0
482,1,6
482,2,5
482,22,4
482,31,3
482,423,2
482,426,1
482,482,0
483,1,6
483,2,5
483,22,4
483,31,3
483,423,2
483,426,1
483,483,0
484,1,4
484,2,3
484,22,2
484,32,1
484,484,0
485,1,5
485,2,4
485,22,3
485,32,2
485,484,1
485,485,0
486,1,5
486,2,4
486,22,3
486,32,2
486,484,1
486,486,0
487,1,5
487,2,4
487,22,3
487,32,2
487,484,1
487,487,0
488,1,5
488,2,4
488,22,3
488,32,2
488,484,1
488,488,0
489,1,5
489,2,4
489,22,3
489,32,2
489,484,1
489,489,0
490,1,5
490,2,4
490,22,3
490,32,2
490,484,1
490,490,0
491,1,6
491,2,5
491,22,4
491,32,3
491,484,2
491,485,1
491,491,0
492,1,6
492,2,5
492,22,4
492,32,3
492,484,2
492,485,1
492,492,0
493,1,6
493,2,5
493,22,4
493,32,3
493,484,2
493,485,1
493,493,0
494,1,6
494,2,5
494,22,4
494,32,3
494,484,2
494,485,1
494,494,0
495,1,6
495,2,5
495,22,4
495,32,3
495,484,2
495,486,1
495,495,0
496,1,6
496,2,5
496,22,4
496,32,3
496,484,2
496,486,1
496,496,0
497,1,6
497,2,5
497,22,4
497,32,3
497,484,2
497,486,1
497,497,0
498,1,6
498,2,5
498,22,4
498,32,3
498,484,2
498,486,1
498,498,0
499,1,6
499,2,5
499,22,4
499,32,3
499,484,2
499,487,1
499,499,0
500,1,6
500,2,5
500,22,4
500,32,3
500,484,2
500,487,1
500,500,0
501,1,6
501,2,5
501,22,4
501,32,3
501,484,2
501,487,1
501,501,0
502,1,6
502,2,5
502,22,4
502,32,3
502,484,2
502,487,1
502,502,0
503,1,6
503,2,5
503,22,4
503,32,3
503,484,2
503,485,1
503,503,0
504,1,6
504,2,5
504,22,4
504,32,3
504,484,2
504,485,1
504,504,0
505,1,6
505,2,5
505,22,4
505,32,3
505,484,2
505,485,1
505,505,0
506,1,6
506,2,5
506,22,4
506,32,3
506,484,2
506,485,1
506,506,0
507,1,6
507,2,5
507,22,4
507,32,3
507,484,2
507,485,1
507,507,0
508,1,6
508,2,5
508,22,4
508,32,3
508,484,2
508,486,1
508,508,0
509,1,6
509,2,5
509,22,4
509,32,3
509,484,2
509,486,1
509,509,0
510,1,6
510,2,5
510,22,4
510,32,3
510,484,2
510,486,1
510,510,0
511,1,6
511,2,5
511,22,4
511,32,3
511,484,2
511,486,1
511,511,0
512,1,6
512,2,5
512,22,4
512,32,3
512,484,2
512,486,1
512,512,0
513,1,6
513,2,5
513,22,4
513,32,3
513,484,2
513,487,1
513,513,0
514,1,6
514,2,5
514,22,4
514,32,3
514,484,2
514,487,1
514,514,0
515,1,6
515,2,5
515,22,4
515,32,3
515,484,2
515,487,1
515,515,0
516,1,6
516,2,5
516,22,4
516,32,3
516,484,2
516,487,1
516,516,0
517,1,6
517,2,5
517,22,4
517,32,3
517,484,2
517,487,1
517,517,0
518,1,6
518,2,5
518,22,4
518,32,3
518,484,2
518,485,1
518,518,0
519,1,6
519,2,5
519,22,4
519,32,3
519,484,2
519,485,1
519,519,0
520,1,6
520,2,5
520,22,4
520,32,3
520,484,2
520,485,1
520,520,0
521,1,6
521,2,5
521,22,4
521,32,3
521,484,2
521,485,1
521,521,0
522,1,6
522,2,5
522,22,4
522,32,3
522,484,2
522,486,1
522,522,0
523,1,6
523,2,5
523,22,4
523,32,3
523,484,2
523,486,1
523,523,0
524,1,6
524,2,5
524,22,4
524,32,3
524,484,2
524,486,1
524,524,0
525,1,6
525,2,5
525,22,4
525,32,3
525,484,2
525,486,1
525,525,0
526,1,6
526,2,5
526,22,4
526,32,3
526,484,2
526,487,1
526,526,0
527,1,6
527,2,5
527,22,4
527,32,3
527,484,2
527,487,1
527,527,0
528,1,6
528,2,5
528,22,4
528,32,3
528,484,2
528,487,1
528,528,0
529,1,6
529,2,5
529,22,4
529,32,3
529,484,2
529,487,1
529,529,0
530,1,6
530,2,5
530,22,4
530,32,3
530,484,2
530,485,1
530,530,0
531,1,6
531,2,5
531,22,4
531,32,3
531,484,2
531,485,1
531,531,0
532,1,6
532,2,5
532,22,4
532,32,3
532,484,2
532,485,1
532,532,0
533,1,6
533,2,5
533,22,4
533,32,3
533,484,2
533,485,1
533,533,0
534,1,6
534,2,5
534,22,4
534,32,3
534,484,2
534,485,1
534,534,0
535,1,6
535,2,5
535,22,4
535,32,3
535,484,2
535,486,1
535,535,0
536,1,6
536,2,5
536,22,4
536,32,3
536,484,2
536,486,1
536,536,0
537,1,6
537,2,5
537,22,4
537,32,3
537,484,2
537,486,1
537,537,0
538,1,6
538,2,5
538,22,4
538,32,3
538,484,2
538,486,1
538,538,0
539,1,6
539,2,5
539,22,4
539,32,3
539,484,2
539,486,1
539,539,0
540,1,6
540,2,5
540,22,4
540,32,3
540,484,2
540,487,1
540,540,0
541,1,6
541,2,5
541,22,4
541,32,3
541,484,2
541,487,1
541,541,0
542,1,6
542,2,5
542,22,4
542,32,3
542,484,2
542,487,1
542,542,0
543,1,6
543,2,5
543,22,4
543,32,3
543,484,2
543,487,1
543,543,0
544,1,6
544,2,5
544,22,4
544,32,3
544,484,2
544,487,1
544,544,0
545,1,4
545,2,3
545,22,2
545,33,1
545,545,0
546,1,5
546,2,4
546,22,3
546,33,2
546,545,1
546,546,0
547,1,5
547,2,4
547,22,3
547,33,2
547,545,1
547,547,0
548,1,5
548,2,4
548,22,3
548,33,2
548,545,1
548,548,0
549,1,5
549,2,4
549,22,3
549,33,2
549,545,1
549,549,0
550,1,5
550,2,4
550,22,3
550,33,2
550,545,1
550,550,0
551,1,5
551,2,4
551,22,3
551,33,2
551,545,1
551,551,0
552,1,6
552,2,5
552,22,4
552,33,3
552,545,2
552,546,1
552,552,0
553,1,6
553,2,5
553,22,4
553,33,3
553,545,2
553,546,1
553,553,0
554,1,6
554,2,5
554,22,4
554,33,3
554,545,2
554,546,1
554,554,0
555,1,6
555,2,5
555,22,4
555,33,3
555,545,2
555,546,1
555,555,0
556,1,6
556,2,5
556,22,4
556,33,3
556,545,2
556,546,1
556,556,0
557,1,6
557,2,5
557,22,4
557,33,3
557,545,2
557,547,1
557,557,0
558,1,6
558,2,5
558,22,4
558,33,3
558,545,2
558,547,1
558,558,0
559,1,6
559,2,5
559,22,4
559,33,3
559,545,2
559,547,1
559,559,0
560,1,6
560,2,5
560,22,4
560,33,3
560,545,2
560,547,1
560,560,0
561,1,6
561,2,5
561,22,4
561,33,3
561,545,2
561,547,1
561,561,0
562,1,6
562,2,5
562,22,4
562,33,3
562,545,2
562,548,1
562,562,0
563,1,6
563,2,5
563,22,4
563,33,3
563,545,2
563,548,1
563,563,0
564,1,6
564,2,5
564,22,4
564,33,3
564,545,2
564,548,1
564,564,0
565,1,6
565,2,5
565,22,4
565,33,3
565,545,2
565,548,1
565,565,0
566,1,6
566,2,5
566,22,4
566,33,3
566,545,2
566,548,1
566,566,0
567,1,6
567,2,5
567,22,4
567,33,3
567,545,2
567,546,1
567,567,0
568,1,6
568,2,5
568,22,4
568,33,3
568,545,2
568,546,1
568,568,0
569,1,6
569,2,5
569,22,4
569,33,3
569,545,2
569,546,1
569,569,0
570,1,6
570,2,5
570,22,4
570,33,3
570,545,2
570,546,1
570,570,0
571,1,6
571,2,5
571,22,4
571,33,3
571,545,2
571,546,1
571,571,0
572,1,6
572,2,5
572,22,4
572,33,3
572,545,2
572,546,1
572,572,0
573,1,6
573,2,5
573,22,4
573,33,3
573,545,2
573,547,1
573,573,0
574,1,6
574,2,5
574,22,4
574,33,3
574,545,2
574,547,1
574,574,0
575,1,6
575,2,5
575,22,4
575,33,3
575,545,2
575,547,1
575,575,0
576,1,6
576,2,5
576,22,4
576,33,3
576,545,2
576,547,1
576,576,0
577,1,6
577,2,5
577,22,4
577,33,3
577,545,2
577,547,1
577,577,0
578,1,6
578,2,5
578,22,4
578,33,3
578,545,2
578,547,1
578,578,0
579,1,6
579,2,5
579,22,4
579,33,3
579,545,2
579,548,1
579,579,0
580,1,6
580,2,5
580,22,4
580,33,3
580,545,2
580,548,1
580,580,0
581,1,6
581,2,5
581,22,4
581,33,3
581,545,2
581,548,1
581,581,0
582,1,6
582,2,5
582,22,4
582,33,3
582,545,2
582,548,1
582,582,0
583,1,6
583,2,5
583,22,4
583,33,3
583,545,2
583,548,1
583,583,0
584,1,6
584,2,5
584,22,4
584,33,3
584,545,2
584,548,1
584,584,0
585,1,6
585,2,5
585,22,4
585,33,3
585,545,2
585,546,1
585,585,0
586,1,6
586,2,5
586,22,4
586,33,3
586,545,2
586,546,1
586,586,0
587,1,6
587,2,5
587,22,4
587,33,3
587,545,2
587,546,1
587,587,0
588,1,6
588,2,5
588,22,4
588,33,3
588,545,2
588,546,1
588,588,0
589,1,6
589,2,5
589,22,4
589,33,3
589,545,2
589,546,1
589,589,0
590,1,6
590,2,5
590,22,4
590,33,3
590,545,2
590,547,1
590,590,0
591,1,6
591,2,5
591,22,4
591,33,3
591,545,2
591,547,1
591,591,0
592,1,6
592,2,5
592,22,4
592,33,3
592,545,2
592,547,1
592,592,0
593,1,6
593,2,5
593,22,4
593,33,3
593,545,2
593,547,1
593,593,0
594,1,6
594,2,5
594,22,4
594,33,3
594,545,2
594,547,1
594,594,0
595,1,6
595,2,5
595,22,4
595,33,3
595,545,2
595,548,1
595,595,0
596,1,6
596,2,5
596,22,4
596,33,3
596,545,2
596,548,1
596,596,0
597,1,6
597,2,5
597,22,4
597,33,3
597,545,2
597,548,1
597,597,0
598,1,6
598,2,5
598,22,4
598,33,3
598,545,2
598,548,1
598,598,0
599,1,6
599,2,5
599,22,4
599,33,3
599,545,2
599,548,1
599,599,0
600,1,6
600,2,5
600,22,4
600,33,3
600,545,2
600,546,1
600,600,0
601,1,6
601,2,5
601,22,4
601,33,3
601,545,2
601,546,1
601,601,0
602,1,6
602,2,5
602,22,4
602,33,3
602,545,2
602,546,1
602,602,0
603,1,6
603,2,5
603,22,4
603,33,3
603,545,2
603,546,1
603,603,0
604,1,6
604,2,5
604,22,4
604,33,3
604,545,2
604,546,1
604,604,0
605,1,6
605,2,5
605,22,4
605,33,3
605,545,2
605,546,1
605,605,0
606,1,6
606,2,5
606,22,4
606,33,3
606,545,2
606,547,1
606,606,0
607,1,6
607,2,5
607,22,4
607,33,3
607,545,2
607,547,1
607,607,0
608,1,6
608,2,5
608,22,4
608,33,3
608,545,2
608,547,1
608,608,0
609,1,6
609,2,5
609,22,4
609,33,3
609,545,2
609,547,1
609,609,0
610,1,6
610,2,5
610,22,4
610,33,3
610,545,2
610,547,1
610,610,0
611,1,6
611,2,5
611,22,4
611,33,3
611,545,2
611,547,1
611,611,0
612,1,6
612,2,5
612,22,4
612,33,3
612,545,2
612,548,1
612,612,0
613,1,6
613,2,5
613,22,4
613,33,3
613,545,2
613,548,1
613,613,0
614,1,6
614,2,5
614,22,4
614,33,3
614,545,2
614,548,1
614,614,0
615,1,6
615,2,5
615,22,4
615,33,3
615,545,2
615,548,1
615,615,0
616,1,6
616,2,5
616,22,4
616,33,3
616,545,2
616,548,1
616,616,0
617,1,6
617,2,5
617,22,4
617,33,3
617,545,2
617,548,1
617,617,0
618,1,4
618,2,3
618,22,2
618,34,1
618,618,0
619,1,5
619,2,4
619,22,3
619,34,2
619,618,1
619,619,0
620,1,5
620,2,4
620,22,3
620,34,2
620,618,1
620,620,0
621,1,4
621,2,3
621,22,2
621,35,1
621,621,0
622,1,5
622,2,4
622,22,3
622,35,2
622,621,1
622,622,0
623,1,5
623,2,4
623,22,3
623,35,2
623,621,1
623,623,0
624,1,5
624,2,4
624,22,3
624,35,2
624,621,1
624,624,0
625,1,6
625,2,5
625,22,4
625,35,3
625,621,2
625,622,1
625,625,0
626,1,6
626,2,5
626,22,4
626,35,3
626,621,2
626,622,1
626,626,0
627,1,5
627,2,4
627,22,3
627,35,2
627,621,1
627,627,0
628,1,5
628,2,4
628,22,3
628,35,2
628,621,1
628,628,0
629,1,6
629,2,5
629,22,4
629,35,3
629,621,2
629,622,1
629,629,0
630,1,6
630,2,5
630,22,4
630,35,3
630,621,2
630,622,1
630,630,0
631,1,5
631,2,4
631,22,3
631,35,2
631,621,1
631,631,0
632,1,5
632,2,4
632,22,3
632,35,2
632,621,1
632,632,0
633,1,6
633,2,5
633,22,4
633,35,3
633,621,2
633,622,1
633,633,0
634,1,6
634,2,5
634,22,4
634,35,3
634,621,2
634,622,1
634,634,0
635,1,5
635,2,4
635,22,3
635,35,2
635,621,1
635,635,0
636,1,5
636,2,4
636,22,3
636,35,2
636,621,1
636,636,0
637,1,6
637,2,5
637,22,4
637,35,3
637,621,2
637,622,1
637,637,0
638,1,6
638,2,5
638,22,4
638,35,3
638,621,2
638,622,1
638,638,0
639,1,3
639,4,2
639,18,1
639,639,0
640,1,4
640,4,3
640,18,2
640,639,1
640,640,0
641,1,4
641,4,3
641,18,2
641,639,1
641,641,0
642,1,4
642,4,3
642,18,2
642,639,1
642,642,0
643,1,4
643,4,3
643,18,2
643,639,1
643,643,0
644,1,4
644,4,3
644,18,2
644,639,1
644,644,0
645,1,4
645,4,3
645,18,2
645,639,1
645,645,0
646,1,5
646,4,4
646,18,3
646,639,2
646,640,1
646,646,0
647,1,5
647,4,4
647,18,3
647,639,2
647,640,1
647,647,0
648,1,5
648,4,4
648,18,3
648,639,2
648,640,1
648,648,0
649,1,5
649,4,4
649,18,3
649,639,2
649,640,1
649,649,0
650,1,5
650,4,4
650,18,3
650,639,2
650,640,1
650,650,0
651,1,5
651,4,4
651,18,3
651,639,2
651,641,1
651,651,0
652,1,5
652,4,4
652,18,3
652,639,2
652,641,1
652,652,0
653,1,5
653,4,4
653,18,3
653,639,2
653,641,1
653,653,0
654,1,5
654,4,4
654,18,3
654,639,2
654,641,1
654,654,0
655,1,5
655,4,4
655,18,3
655,639,2
655,641,1
655,655,0
656,1,5
656,4,4
656,18,3
656,639,2
656,642,1
656,656,0
657,1,5
657,4,4
657,18,3
657,639,2
657,642,1
657,657,0
658,1,5
658,4,4
658,18,3
658,639,2
658,642,1
658,658,0
659,1,5
659,4,4
659,18,3
659,639,2
659,642,1
659,659,0
660,1,5
660,4,4
660,18,3
660,639,2
660,642,1
660,660,0
661,1,5
661,4,4
661,18,3
661,639,2
661,640,1
661,661,0
662,1,5
662,4,4
662,18,3
662,639,2
662,640,1
662,662,0
663,1,5
663,4,4
663,18,3
663,639,2
663,640,1
663,663,0
664,1,5
664,4,4
664,18,3
664,639,2
664,640,1
664,664,0
665,1,5
665,4,4
665,18,3
665,639,2
665,640,1
665,665,0
666,1,5
666,4,4
666,18,3
666,639,2
666,640,1
666,666,0
667,1,5
667,4,4
667,18,3
667,639,2
667,641,1
667,667,0
668,1,5
668,4,4
668,18,3
668,639,2
668,641,1
668,668,0
669,1,5
669,4,4
669,18,3
669,639,2
669,641,1
669,669,0
670,1,5
670,4,4
670,18,3
670,639,2
670,641,1
670,670,0
671,1,5
671,4,4
671,18,3
671,639,2
671,641,1
671,671,0
672,1,5
672,4,4
672,18,3
672,639,2
672,641,1
672,672,0
673,1,5
673,4,4
673,18,3
673,639,2
673,642,1
673,673,0
674,1,5
674,4,4
674,18,3
674,639,2
674,642,1
674,674,0
675,1,5
675,4,4
675,18,3
675,639,2
675,642,1
675,675,0
676,1,5
676,4,4
676,18,3
676,639,2
676,642,1
676,676,0
677,1,5
677,4,4
677,18,3
677,639,2
677,642,1
677,677,0
678,1,5
678,4,4
678,18,3
678,639,2
678,642,1
678,678,0
679,1,5
679,4,4
679,18,3
679,639,2
679,640,1
679,679,0
680,1,5
680,4,4
680,18,3
680,639,2
680,640,1
680,680,0
681,1,5
681,4,4
681,18,3
681,639,2
681,640,1
681,681,0
682,1,5
682,4,4
682,18,3
682,639,2
682,640,1
682,682,0
683,1,5
683,4,4
683,18,3
683,639,2
683,640,1
683,683,0
684,1,5
684,4,4
684,18,3
684,639,2
684,641,1
684,684,0
685,1,5
685,4,4
685,18,3
685,639,2
685,641,1
685,685,0
686,1,5
686,4,4
686,18,3
686,639,2
686,641,1
686,686,0
687,1,5
687,4,4
687,18,3
687,639,2
687,641,1
687,687,0
688,1,5
688,4,4
688,18,3
688,639,2
688,641,1
688,688,0
689,1,5
689,4,4
689,18,3
689,639,2
689,642,1
689,689,0
690,1,5
690,4,4
690,18,3
690,639,2
690,642,1
690,690,0
691,1,5
691,4,4
691,18,3
691,639,2
691,642,1
691,691,0
692,1,5
692,4,4
692,18,3
692,639,2
692,642,1
692,692,0
693,1,5
693,4,4
693,18,3
693,639,2
693,642,1
693,693,0
694,1,5
694,4,4
694,18,3
694,639,2
694,640,1
694,694,0
695,1,5
695,4,4
695,18,3
695,639,2
695,640,1
695,695,0
696,1,5
696,4,4
696,18,3
696,639,2
696,640,1
696,696,0
697,1,5
697,4,4
697,18,3
697,639,2
697,640,1
697,697,0
698,1,5
698,4,4
698,18,3
698,639,2
698,640,1
698,698,0
699,1,5
699,4,4
699,18,3
699,639,2
699,640,1
699,699,0
700,1,5
700,4,4
700,18,3
700,639,2
700,641,1
700,700,0
701,1,5
701,4,4
701,18,3
701,639,2
701,641,1
701,701,0
702,1,5
702,4,4
702,18,3
702,639,2
702,641,1
702,702,0
703,1,5
703,4,4
703,18,3
703,639,2
703,641,1
703,703,0
704,1,5
704,4,4
704,18,3
704,639,2
704,641,1
704,704,0
705,1,5
705,4,4
705,18,3
705,639,2
705,641,1
705,705,0
706,1,5
706,4,4
706,18,3
706,639,2
706,642,1
706,706,0
707,1,5
707,4,4
707,18,3
707,639,2
707,642,1
707,707,0
708,1,5
708,4,4
708,18,3
708,639,2
708,642,1
708,708,0
709,1,5
709,4,4
709,18,3
709,639,2
709,642,1
709,709,0
710,1,5
710,4,4
710,18,3
710,639,2
710,642,1
710,710,0
711,1,5
711,4,4
711,18,3
711,639,2
711,642,1
711,711,0
712,1,3
712,4,2
712,19,1
712,712,0
713,1,4
713,4,3
713,19,2
713,712,1
713,713,0
714,1,4
714,4,3
714,19,2
714,712,1
714,714,0
715,1,4
715,4,3
715,19,2
715,712,1
715,715,0
716,1,5
716,4,4
716,19,3
716,712,2
716,713,1
716,716,0
717,1,5
717,4,4
717,19,3
717,712,2
717,713,1
717,717,0
718,1,4
718,4,3
718,19,2
718,712,1
718,718,0
719,1,4
719,4,3
719,19,2
719,712,1
719,719,0
720,1,5
720,4,4
720,19,3
720,712,2
720,713,1
720,720,0
721,1,5
721,4,4
721,19,3
721,712,2
721,713,1
721,721,0
722,1,4
722,4,3
722,19,2
722,712,1
722,722,0
723,1,4
723,4,3
723,19,2
723,712,1
723,723,0
724,1,5
724,4,4
724,19,3
724,712,2
724,713,1
724,724,0
725,1,5
725,4,4
725,19,3
725,712,2
725,713,1
725,725,0
726,1,4
726,4,3
726,19,2
726,712,1
726,726,0
727,1,4
727,4,3
727,19,2
727,712,1
727,727,0
728,1,5
728,4,4
728,19,3
728,712,2
728,713,1
728,728,0
729,1,5
729,4,4
729,19,3
729,712,2
729,713,1
729,729,0
730,1,3
730,5,2
730,8,1
730,730,0
731,1,4
731,5,3
731,8,2
731,730,1
731,731,0
732,1,4
732,5,3
732,8,2
732,730,1
732,732,0
733,1,4
733,5,3
733,8,2
733,730,1
733,733,0
734,1,5
734,5,4
734,8,3
734,730,2
734,731,1
734,734,0
735,1,5
735,5,4
735,8,3
735,730,2
735,731,1
735,735,0
736,1,4
736,5,3
736,8,2
736,730,1
736,736,0
737,1,4
737,5,3
737,8,2
737,730,1
737,737,0
738,1,5
738,5,4
738,8,3
738,730,2
738,731,1
738,738,0
739,1,5
739,5,4
739,8,3
739,730,2
739,731,1
739,739,0
740,1,4
740,5,3
740,8,2
740,730,1
740,740,0
741,1,4
741,5,3
741,8,2
741,730,1
741,741,0
742,1,5
742,5,4
742,8,3
742,730,2
742,731,1
742,742,0
743,1,5
743,5,4
743,8,3
743,730,2
743,731,1
743,743,0
744,1,4
744,5,3
744,8,2
744,730,1
744,744,0
745,1,4
745,5,3
745,8,2
745,730,1
745,745,0
746,1,5
746,5,4
746,8,3
746,730,2
746,731,1
746,746,0
747,1,5
747,5,4
747,8,3
747,730,2
747,731,1
747,747,0
748,1,3
748,5,2
748,9,1
748,748,0
749,1,4
749,5,3
749,9,2
749,748,1
749,749,0
750,1,4
750,5,3
750,9,2
750,748,1
750,750,0
751,1,4
751,5,3
751,9,2
751,748,1
751,751,0
752,1,4
752,5,3
752,9,2
752,748,1
752,752,0
753,1,4
753,5,3
753,9,2
753,748,1
753,753,0
754,1,4
754,5,3
754,9,2
754,748,1
754,754,0
755,1,5
755,5,4
755,9,3
755,748,2
755,749,1
755,755,0
756,1,5
756,5,4
756,9,3
756,748,2
756,749,1
756,756,0
757,1,5
757,5,4
757,9,3
757,748,2
757,749,1
757,757,0
758,1,5
758,5,4
758,9,3
758,748,2
758,749,1
758,758,0
759,1,5
759,5,4
759,9,3
759,748,2
759,749,1
759,759,0
760,1,5
760,5,4
760,9,3
760,748,2
760,750,1
760,760,0
761,1,5
761,5,4
761,9,3
761,748,2
761,750,1
761,761,0
762,1,5
762,5,4
762,9,3
762,748,2
762,750,1
762,762,0
763,1,5
763,5,4
763,9,3
763,748,2
763,750,1
763,763,0
764,1,5
764,5,4
764,9,3
764,748,2
764,750,1
764,764,0
765,1,5
765,5,4
765,9,3
765,748,2
765,751,1
765,765,0
766,1,5
766,5,4
766,9,3
766,748,2
766,751,1
766,766,0
767,1,5
767,5,4
767,9,3
767,748,2
767,751,1
767,767,0
768,1,5
768,5,4
768,9,3
768,748,2
768,751,1
768,768,0
769,1,5
769,5,4
769,9,3
769,748,2
769,751,1
769,769,0
770,1,5
770,5,4
770,9,3
770,748,2
770,749,1
770,770,0
771,1,5
771,5,4
771,9,3
771,748,2
771,749,1
771,771,0
772,1,5
772,5,4
772,9,3
772,748,2
772,749,1
772,772,0
773,1,5
773,5,4
773,9,3
773,748,2
773,749,1
773,773,0
774,1,5
774,5,4
774,9,3
774,748,2
774,749,1
774,774,0
775,1,5
775,5,4
775,9,3
775,748,2
775,749,1
775,775,0
776,1,5
776,5,4
776,9,3
776,748,2
776,750,1
776,776,0
777,1,5
777,5,4
777,9,3
777,748,2
777,750,1
777,777,0
778,1,5
778,5,4
778,9,3
778,748,2
778,750,1
778,778,0
779,1,5
779,5,4
779,9,3
779,748,2
779,750,1
779,779,0
780,1,5
780,5,4
780,9,3
780,748,2
780,750,1
780,780,0
781,1,5
781,5,4
781,9,3
781,748,2
781,750,1
781,781,0
782,1,5
782,5,4
782,9,3
782,748,2
782,751,1
782,782,0
783,1,5
783,5,4
783,9,3
783,748,2
783,751,1
783,783,0
784,1,5
784,5,4
784,9,3
784,748,2
784,751,1
784,784,0
785,1,5
785,5,4
785,9,3
785,748,2
785,751,1
785,785,0
786,1,5
786,5,4
786,9,3
786,748,2
786,751,1
786,786,0
787,1,5
787,5,4
787,9,3
787,748,2
787,751,1
787,787,0
788,1,5
788,5,4
788,9,3
788,748,2
788,749,1
788,788,0
789,1,5
789,5,4
789,9,3
789,748,2
789,749,1
789,789,0
790,1,5
790,5,4
790,9,3
790,748,2
790,749,1
790,790,0
791,1,5
791,5,4
791,9,3
791,748,2
791,749,1
791,791,0
792,1,5
792,5,4
792,9,3
792,748,2
792,749,1
792,792,0
793,1,5
793,5,4
793,9,3
793,748,2
793,750,1
793,793,0
794,1,5
794,5,4
794,9,3
794,748,2
794,750,1
794,794,0
795,1,5
795,5,4
795,9,3
795,748,2
795,750,1
795,795,0
796,1,5
796,5,4
796,9,3
796,748,2
796,750,1
796,796,0
797,1,5
797,5,4
797,9,3
797,748,2
797,750,1
797,797,0
798,1,5
798,5,4
798,9,3
798,748,2
798,751,1
798,798,0
799,1,5
799,5,4
799,9,3
799,748,2
799,751,1
799,799,0
800,1,5
800,5,4
800,9,3
800,748,2
800,751,1
800,800,0
801,1,5
801,5,4
801,9,3
801,748,2
801,751,1
801,801,0
802,1,5
802,5,4
802,9,3
802,748,2
802,751,1
802,802,0
803,1,5
803,5,4
803,9,3
803,748,2
803,749,1
803,803,0
804,1,5
804,5,4
804,9,3
804,748,2
804,749,1
804,804,0
805,1,5
805,5,4
805,9,3
805,748,2
805,749,1
805,805,0
806,1,5
806,5,4
806,9,3
806,748,2
806,749,1
806,806,0
807,1,5
807,5,4
807,9,3
807,748,2
807,749,1
807,807,0
808,1,5
808,5,4
808,9,3
808,748,2
808,749,1
808,808,0
809,1,5
809,5,4
809,9,3
809,748,2
809,750,1
809,809,0
810,1,5
810,5,4
810,9,3
810,748,2
810,750,1
810,810,0
811,1,5
811,5,4
811,9,3
811,748,2
811,750,1
811,811,0
812,1,5
812,5,4
812,9,3
812,748,2
812,750,1
812,812,0
813,1,5
813,5,4
813,9,3
813,748,2
813,750,1
813,813,0
814,1,5
814,5,4
814,9,3
814,748,2
814,750,1
814,814,0
815,1,5
815,5,4
815,9,3
815,748,2
815,751,1
815,815,0
816,1,5
816,5,4
816,9,3
816,748,2
816,751,1
816,816,0
817,1,5
817,5,4
817,9,3
817,748,2
817,751,1
817,817,0
818,1,5
818,5,4
818,9,3
818,748,2
818,751,1
818,818,0
819,1,5
819,5,4
819,9,3
819,748,2
819,751,1
819,819,0
820,1,5
820,5,4
820,9,3
820,748,2
820,751,1
820,820,0
821,1,3
821,5,2
821,11,1
821,821,0
822,1,4
822,5,3
822,11,2
822,821,1
822,822,0
823,1,4
823,5,3
823,11,2
823,821,1
823,823,0
824,1,4
824,5,3
824,11,2
824,821,1
824,824,0
825,1,4
825,5,3
825,11,2
825,821,1
825,825,0
826,1,4
826,5,3
826,11,2
826,821,1
826,826,0
827,1,4
827,5,3
827,11,2
827,821,1
827,827,0
828,1,5
828,5,4
828,11,3
828,821,2
828,822,1
828,828,0
829,1,5
829,5,4
829,11,3
829,821,2
829,822,1
829,829,0
830,1,5
830,5,4
830,11,3
830,821,2
830,822,1
830,830,0
831,1,5
831,5,4
831,11,3
831,821,2
831,822,1
831,831,0
832,1,5
832,5,4
832,11,3
832,821,2
832,823,1
832,832,0
833,1,5
833,5,4
833,11,3
833,821,2
833,823,1
833,833,0
834,1,5
834,5,4
834,11,3
834,821,2
834,823,1
834,834,0
835,1,5
835,5,4
835,11,3
835,821,2
835,823,1
835,835,0
836,1,5
836,5,4
836,11,3
836,821,2
836,824,1
836,836,0
837,1,5
837,5,4
837,11,3
837,821,2
837,824,1
837,837,0
838,1,5
838,5,4
838,11,3
838,821,2
838,824,1
838,838,0
839,1,5
839,5,4
839,11,3
839,821,2
839,824,1
839,839,0
840,1,5
840,5,4
840,11,3
840,821,2
840,822,1
840,840,0
841,1,5
841,5,4
841,11,3
841,821,2
841,822,1
841,841,0
842,1,5
842,5,4
842,11,3
842,821,2
842,822,1
842,842,0
843,1,5
843,5,4
843,11,3
843,821,2
843,822,1
843,843,0
844,1,5
844,5,4
844,11,3
844,821,2
844,822,1
844,844,0
845,1,5
845,5,4
845,11,3
845,821,2
845,823,1
845,845,0
846,1,5
846,5,4
846,11,3
846,821,2
846,823,1
846,846,0
847,1,5
847,5,4
847,11,3
847,821,2
847,823,1
847,847,0
848,1,5
848,5,4
848,11,3
848,821,2
848,823,1
848,848,0
849,1,5
849,5,4
849,11,3
849,821,2
849,823,1
849,849,0
850,1,5
850,5,4
850,11,3
850,821,2
850,824,1
850,850,0
851,1,5
851,5,4
851,11,3
851,821,2
851,824,1
851,851,0
852,1,5
852,5,4
852,11,3
852,821,2
852,824,1
852,852,0
853,1,5
853,5,4
853,11,3
853,821,2
853,824,1
853,853,0
854,1,5
854,5,4
854,11,3
854,821,2
854,824,1
854,854,0
855,1,5
855,5,4
855,11,3
855,821,2
855,822,1
855,855,0
856,1,5
856,5,4
856,11,3
856,821,2
856,822,1
856,856,0
857,1,5
857,5,4
857,11,3
857,821,2
857,822,1
857,857,0
858,1,5
858,5,4
858,11,3
858,821,2
858,822,1
858,858,0
859,1,5
859,5,4
859,11,3
859,821,2
859,823,1
859,859,0
860,1,5
860,5,4
860,11,3
860,821,2
860,823,1
860,860,0
861,1,5
861,5,4
861,11,3
861,821,2
861,823,1
861,861,0
862,1,5
862,5,4
862,11,3
862,821,2
862,823,1
862,862,0
863,1,5
863,5,4
863,11,3
863,821,2
863,824,1
863,863,0
864,1,5
864,5,4
864,11,3
864,821,2
864,824,1
864,864,0
865,1,5
865,5,4
865,11,3
865,821,2
865,824,1
865,865,0
866,1,5
866,5,4
866,11,3
866,821,2
866,824,1
866,866,0
867,1,5
867,5,4
867,11,3
867,821,2
867,822,1
867,867,0
868,1,5
868,5,4
868,11,3
868,821,2
868,822,1
868,868,0
869,1,5
869,5,4
869,11,3
869,821,2
869,822,1
869,869,0
870,1,5
870,5,4
870,11,3
870,821,2
870,822,1
870,870,0
871,1,5
871,5,4
871,11,3
871,821,2
871,822,1
871,871,0
872,1,5
872,5,4
872,11,3
872,821,2
872,823,1
872,872,0
873,1,5
873,5,4
873,11,3
873,821,2
873,823,1
873,873,0
874,1,5
874,5,4
874,11,3
874,821,2
874,823,1
874,874,0
875,1,5
875,5,4
875,11,3
875,821,2
875,823,1
875,875,0
876,1,5
876,5,4
876,11,3
876,821,2
876,823,1
876,876,0
877,1,5
877,5,4
877,11,3
877,821,2
877,824,1
877,877,0
878,1,5
878,5,4
878,11,3
878,821,2
878,824,1
878,878,0
879,1,5
879,5,4
879,11,3
879,821,2
879,824,1
879,879,0
880,1,5
880,5,4
880,11,3
880,821,2
880,824,1
880,880,0
881,1,5
881,5,4
881,11,3
881,821,2
881,824,1
881,881,0
882,1,3
882,5,2
882,12,1
882,882,0
883,1,4
883,5,3
883,12,2
883,882,1
883,883,0
884,1,4
884,5,3
884,12,2
884,882,1
884,884,0
885,1,3
885,5,2
885,13,1
885,885,0
886,1,4
886,5,3
886,13,2
886,885,1
886,886,0
887,1,4
887,5,3
887,13,2
887,885,1
887,887,0
888,1,4
888,5,3
888,13,2
888,885,1
888,888,0
889,1,4
889,5,3
889,13,2
889,885,1
889,889,0
890,1,4
890,5,3
890,13,2
890,885,1
890,890,0
891,1,4
891,5,3
891,13,2
891,885,1
891,891,0
892,1,5
892,5,4
892,13,3
892,885,2
892,886,1
892,892,0
893,1,5
893,5,4
893,13,3
893,885,2
893,886,1
893,893,0
894,1,5
894,5,4
894,13,3
894,885,2
894,886,1
894,894,0
895,1,5
895,5,4
895,13,3
895,885,2
895,886,1
895,895,0
896,1,5
896,5,4
896,13,3
896,885,2
896,887,1
896,896,0
897,1,5
897,5,4
897,13,3
897,885,2
897,887,1
897,897,0
898,1,5
898,5,4
898,13,3
898,885,2
898,887,1
898,898,0
899,1,5
899,5,4
899,13,3
899,885,2
899,887,1
899,899,0
900,1,5
900,5,4
900,13,3
900,885,2
900,888,1
900,900,0
901,1,5
901,5,4
901,13,3
901,885,2
901,888,1
901,901,0
902,1,5
902,5,4
902,13,3
902,885,2
902,888,1
902,902,0
903,1,5
903,5,4
903,13,3
903,885,2
903,888,1
903,903,0
904,1,5
904,5,4
904,13,3
904,885,2
904,886,1
904,904,0
905,1,5
905,5,4
905,13,3
905,885,2
905,886,1
905,905,0
906,1,5
906,5,4
906,13,3
906,885,2
906,886,1
906,906,0
907,1,5
907,5,4
907,13,3
907,885,2
907,886,1
907,907,0
908,1,5
908,5,4
908,13,3
908,885,2
908,886,1
908,908,0
909,1,5
909,5,4
909,13,3
909,885,2
909,887,1
909,909,0
910,1,5
910,5,4
910,13,3
910,885,2
910,887,1
910,910,0
911,1,5
911,5,4
911,13,3
911,885,2
911,887,1
911,911,0
912,1,5
912,5,4
912,13,3
912,885,2
912,887,1
912,912,0
913,1,5
913,5,4
913,13,3
913,885,2
913,887,1
913,913,0
914,1,5
914,5,4
914,13,3
914,885,2
914,888,1
914,914,0
915,1,5
915,5,4
915,13,3
915,885,2
915,888,1
915,915,0
916,1,5
916,5,4
916,13,3
916,885,2
916,888,1
916,916,0
917,1,5
917,5,4
917,13,3
917,885,2
917,888,1
917,917,0
918,1,5
918,5,4
918,13,3
918,885,2
918,888,1
918,918,0
919,1,5
919,5,4
919,13,3
919,885,2
919,886,1
919,919,0
920,1,5
920,5,4
920,13,3
920,885,2
920,886,1
920,920,0
921,1,5
921,5,4
921,13,3
921,885,2
921,886,1
921,921,0
922,1,5
922,5,4
922,13,3
922,885,2
922,886,1
922,922,0
923,1,5
923,5,4
923,13,3
923,885,2
923,887,1
923,923,0
924,1,5
924,5,4
924,13,3
924,885,2
924,887,1
924,924,0
925,1,5
925,5,4
925,13,3
925,885,2
925,887,1
925,925,0
926,1,5
926,5,4
926,13,3
926,885,2
926,887,1
926,926,0
927,1,5
927,5,4
927,13,3
927,885,2
927,888,1
927,927,0
928,1,5
928,5,4
928,13,3
928,885,2
928,888,1
928,928,0
929,1,5
929,5,4
929,13,3
929,885,2
929,888,1
929,929,0
930,1,5
930,5,4
930,13,3
930,885,2
930,888,1
930,930,0
931,1,5
931,5,4
931,13,3
931,885,2
931,886,1
931,931,0
932,1,5
932,5,4
932,13,3
932,885,2
932,886,1
932,932,0
933,1,5
933,5,4
933,13,3
933,885,2
933,886,1
933,933,0
934,1,5
934,5,4
934,13,3
934,885,2
934,886,1
934,934,0
935,1,5
935,5,4
935,13,3
935,885,2
935,886,1
935,935,0
936,1,5
936,5,4
936,13,3
936,885,2
936,887,1
936,936,0
937,1,5
937,5,4
937,13,3
937,885,2
937,887,1
937,937,0
938,1,5
938,5,4
938,13,3
938,885,2
938,887,1
938,938,0
939,1,5
939,5,4
939,13,3
939,885,2
939,887,1
939,939,0
940,1,5
940,5,4
940,13,3
940,885,2
940,887,1
940,940,0
941,1,5
941,5,4
941,13,3
941,885,2
941,888,1
941,941,0
942,1,5
942,5,4
942,13,3
942,885,2
942,888,1
942,942,0
943,1,5
943,5,4
943,13,3
943,885,2
943,888,1
943,943,0
944,1,5
944,5,4
944,13,3
944,885,2
944,888,1
944,944,0
945,1,5
945,5,4
945,13,3
945,885,2
945,888,1
945,945,0
946,1,3
946,5,2
946,14,1
946,946,0
947,1,4
947,5,3
947,14,2
947,946,1
947,947,0
948,1,4
948,5,3
948,14,2
948,946,1
948,948,0
949,1,4
949,5,3
949,14,2
949,946,1
949,949,0
950,1,4
950,5,3
950,14,2
950,946,1
950,950,0
951,1,4
951,5,3
951,14,2
951,946,1
951,951,0
952,1,4
952,5,3
952,14,2
952,946,1
952,952,0
953,1,5
953,5,4
953,14,3
953,946,2
953,947,1
953,953,0
954,1,5
954,5,4
954,14,3
954,946,2
954,947,1
954,954,0
955,1,5
955,5,4
955,14,3
955,946,2
955,947,1
955,955,0
956,1,5
956,5,4
956,14,3
956,946,2
956,947,1
956,956,0
957,1,5
957,5,4
957,14,3
957,946,2
957,947,1
957,957,0
958,1,5
958,5,4
958,14,3
958,946,2
958,948,1
958,958,0
959,1,5
959,5,4
959,14,3
959,946,2
959,948,1
959,959,0
960,1,5
960,5,4
960,14,3
960,946,2
960,948,1
960,960,0
961,1,5
961,5,4
961,14,3
961,946,2
961,948,1
961,961,0
962,1,5
962,5,4
962,14,3
962,946,2
962,948,1
962,962,0
963,1,5
963,5,4
963,14,3
963,946,2
963,949,1
963,963,0
964,1,5
964,5,4
964,14,3
964,946,2
964,949,1
964,964,0
965,1,5
965,5,4
965,14,3
965,946,2
965,949,1
965,965,0
966,1,5
966,5,4
966,14,3
966,946,2
966,949,1
966,966,0
967,1,5
967,5,4
967,14,3
967,946,2
967,949,1
967,967,0
968,1,5
968,5,4
968,14,3
968,946,2
968,947,1
968,968,0
969,1,5
969,5,4
969,14,3
969,946,2
969,947,1
969,969,0
970,1,5
970,5,4
970,14,3
970,946,2
970,947,1
970,970,0
971,1,5
971,5,4
971,14,3
971,946,2
971,947,1
971,971,0
972,1,5
972,5,4
972,14,3
972,946,2
972,947,1
972,972,0
973,1,5
973,5,4
973,14,3
973,946,2
973,947,1
973,973,0
974,1,5
974,5,4
974,14,3
974,946,2
974,948,1
974,974,0
975,1,5
975,5,4
975,14,3
975,946,2
975,948,1
975,975,0
976,1,5
976,5,4
976,14,3
976,946,2
976,948,1
976,976,0
977,1,5
977,5,4
977,14,3
977,946,2
977,948,1
977,977,0
978,1,5
978,5,4
978,14,3
978,946,2
978,948,1
978,978,0
979,1,5
979,5,4
979,14,3
979,946,2
979,948,1
979,979,0
980,1,5
980,5,4
980,14,3
980,946,2
980,949,1
980,980,0
981,1,5
981,5,4
981,14,3
981,946,2
981,949,1
981,981,0
982,1,5
982,5,4
982,14,3
982,946,2
982,949,1
982,982,0
983,1,5
983,5,4
983,14,3
983,946,2
983,949,1
983,983,0
984,1,5
984,5,4
984,14,3
984,946,2
984,949,1
984,984,0
985,1,5
985,5,4
985,14,3
985,946,2
985,949,1
985,985,0
986,1,5
986,5,4
986,14,3
986,946,2
986,947,1
986,986,0
987,1,5
987,5,4
987,14,3
987,946,2
987,947,1
987,987,0
988,1,5
988,5,4
988,14,3
988,946,2
988,947,1
988,988,0
989,1,5
989,5,4
989,14,3
989,946,2
989,947,1
989,989,0
990,1,5
990,5,4
990,14,3
990,946,2
990,947,1
990,990,0
991,1,5
991,5,4
991,14,3
991,946,2
991,948,1
991,991,0
992,1,5
992,5,4
992,14,3
992,946,2
992,948,1
992,992,0
993,1,5
993,5,4
993,14,3
993,946,2
993,948,1
993,993,0
994,1,5
994,5,4
994,14,3
994,946,2
994,948,1
994,994,0
995,1,5
995,5,4
995,14,3
995,946,2
995,948,1
995,995,0
996,1,5
996,5,4
996,14,3
996,946,2
996,949,1
996,996,0
997,1,5
997,5,4
997,14,3
997,946,2
997,949,1
997,997,0
998,1,5
998,5,4
998,14,3
998,946,2
998,949,1
998,998,0
999,1,5
999,5,4
999,14,3
999,946,2
999,949,1
999,999,0
1000,1,5
1000,5,4
1000,14,3
1000,946,2
1000,949,1
1000,1000,0
1001,1,5
1001,5,4
1001,14,3
1001,946,2
1001,947,1
1001,1001,0
1002,1,5
1002,5,4
1002,14,3
1002,946,2
1002,947,1
1002,1002,0
1003,1,5
1003,5,4
1003,14,3
1003,946,2
1003,947,1
1003,1003,0
1004,1,5
1004,5,4
1004,14,3
1004,946,2
1004,947,1
1004,1004,0
1005,1,5
1005,5,4
1005,14,3
1005,946,2
1005,947,1
1005,1005,0
1006,1,5
1006,5,4
1006,14,3
1006,946,2
1006,947,1
1006,1006,0
1007,1,5
1007,5,4
1007,14,3
1007,946,2
1007,948,1
1007,1007,0
1008,1,5
1008,5,4
1008,14,3
1008,946,2
1008,948,1
1008,1008,0
1009,1,5
1009,5,4
1009,14,3
1009,946,2
1009,948,1
1009,1009,0
1010,1,5
1010,5,4
1010,14,3
1010,946,2
1010,948,1
1010,1010,0
1011,1,5
1011,5,4
1011,14,3
1011,946,2
1011,948,1
1011,1011,0
1012,1,5
1012,5,4
1012,14,3
1012,946,2
1012,948,1
1012,1012,0
1013,1,5
1013,5,4
1013,14,3
1013,946,2
1013,949,1
1013,1013,0
1014,1,5
1014,5,4
1014,14,3
1014,946,2
1014,949,1
1014,1014,0
1015,1,5
1015,5,4
1015,14,3
1015,946,2
1015,949,1
1015,1015,0
1016,1,5
1016,5,4
1016,14,3
1016,946,2
1016,949,1
1016,1016,0
1017,1,5
1017,5,4
1017,14,3
1017,946,2
1017,949,1
1017,1017,0
1018,1,5
1018,5,4
1018,14,3
1018,946,2
1018,949,1
1018,1018,0
1019,1,3
1019,5,2
1019,15,1
1019,1019,0
1020,1,4
1020,5,3
1020,15,2
1020,1019,1
1020,1020,0
1021,1,4
1021,5,3
1021,15,2
1021,1019,1
1021,1021,0
1022,1,4
1022,5,3
1022,15,2
1022,1019,1
1022,1022,0
1023,1,4
1023,5,3
1023,15,2
1023,1019,1
1023,1023,0
1024,1,4
1024,5,3
1024,15,2
1024,1019,1
1024,1024,0
1025,1,4
1025,5,3
1025,15,2
1025,1019,1
1025,1025,0
1026,1,5
1026,5,4
1026,15,3
1026,1019,2
1026,1020,1
1026,1026,0
1027,1,5
1027,5,4
1027,15,3
1027,1019,2
1027,1020,1
1027,1027,0
1028,1,5
1028,5,4
1028,15,3
1028,1019,2
1028,1020,1
1028,1028,0
1029,1,5
1029,5,4
1029,15,3
1029,1019,2
1029,1020,1
1029,1029,0
1030,1,5
1030,5,4
1030,15,3
1030,1019,2
1030,1021,1
1030,1030,0
1031,1,5
1031,5,4
1031,15,3
1031,1019,2
1031,1021,1
1031,1031,0
1032,1,5
1032,5,4
1032,15,3
1032,1019,2
1032,1021,1
1032,1032,0
1033,1,5
1033,5,4
1033,15,3
1033,1019,2
1033,1022,1
1033,1033,0
1034,1,5
1034,5,4
1034,15,3
1034,1019,2
1034,1022,1
1034,1034,0
1035,1,5
1035,5,4
1035,15,3
1035,1019,2
1035,1022,1
1035,1035,0
1036,1,5
1036,5,4
1036,15,3
1036,1019,2
1036,1020,1
1036,1036,0
1037,1,5
1037,5,4
1037,15,3
1037,1019,2
1037,1020,1
1037,1037,0
1038,1,5
1038,5,4
1038,15,3
1038,1019,2
1038,1020,1
1038,1038,0
1039,1,5
1039,5,4
1039,15,3
1039,1019,2
1039,1020,1
1039,1039,0
1040,1,5
1040,5,4
1040,15,3
1040,1019,2
1040,1021,1
1040,1040,0
1041,1,5
1041,5,4
1041,15,3
1041,1019,2
1041,1021,1
1041,1041,0
1042,1,5
1042,5,4
1042,15,3
1042,1019,2
1042,1021,1
1042,1042,0
1043,1,5
1043,5,4
1043,15,3
1043,1019,2
1043,1022,1
1043,1043,0
1044,1,5
1044,5,4
1044,15,3
1044,1019,2
1044,1022,1
1044,1044,0
1045,1,5
1045,5,4
1045,15,3
1045,1019,2
1045,1022,1
1045,1045,0
1046,1,5
1046,5,4
1046,15,3
1046,1019,2
1046,1020,1
1046,1046,0
1047,1,5
1047,5,4
1047,15,3
1047,1019,2
1047,1020,1
1047,1047,0
1048,1,5
1048,5,4
1048,15,3
1048,1019,2
1048,1020,1
1048,1048,0
1049,1,5
1049,5,4
1049,15,3
1049,1019,2
1049,1020,1
1049,1049,0
1050,1,5
1050,5,4
1050,15,3
1050,1019,2
1050,1021,1
1050,1050,0
1051,1,5
1051,5,4
1051,15,3
1051,1019,2
1051,1021,1
1051,1051,0
1052,1,5
1052,5,4
1052,15,3
1052,1019,2
1052,1021,1
1052,1052,0
1053,1,5
1053,5,4
1053,15,3
1053,1019,2
1053,1022,1
1053,1053,0
1054,1,5
1054,5,4
1054,15,3
1054,1019,2
1054,1022,1
1054,1054,0
1055,1,5
1055,5,4
1055,15,3
1055,1019,2
1055,1022,1
1055,1055,0
1056,1,5
1056,5,4
1056,15,3
1056,1019,2
1056,1020,1
1056,1056,0
1057,1,5
1057,5,4
1057,15,3
1057,1019,2
1057,1020,1
1057,1057,0
1058,1,5
1058,5,4
1058,15,3
1058,1019,2
1058,1020,1
1058,1058,0
1059,1,5
1059,5,4
1059,15,3
1059,1019,2
1059,1020,1
1059,1059,0
1060,1,5
1060,5,4
1060,15,3
1060,1019,2
1060,1021,1
1060,1060,0
1061,1,5
1061,5,4
1061,15,3
1061,1019,2
1061,1021,1
1061,1061,0
1062,1,5
1062,5,4
1062,15,3
1062,1019,2
1062,1021,1
1062,1062,0
1063,1,5
1063,5,4
1063,15,3
1063,1019,2
1063,1022,1
1063,1063,0
1064,1,5
1064,5,4
1064,15,3
1064,1019,2
1064,1022,1
1064,1064,0
1065,1,5
1065,5,4
1065,15,3
1065,1019,2
1065,1022,1
1065,1065,0
1066,1,3
1066,5,2
1066,16,1
1066,1066,0
1067,1,4
1067,5,3
1067,16,2
1067,1066,1
1067,1067,0
1068,1,4
1068,5,3
1068,16,2
1068,1066,1
1068,1068,0
1069,1,4
1069,5,3
1069,16,2
1069,1066,1
1069,1069,0
1070,1,4
1070,5,3
1070,16,2
1070,1066,1
1070,1070,0
1071,1,4
1071,5,3
1071,16,2
1071,1066,1
1071,1071,0
1072,1,4
1072,5,3
1072,16,2
1072,1066,1
1072,1072,0
1073,1,5
1073,5,4
1073,16,3
1073,1066,2
1073,1067,1
1073,1073,0
1074,1,5
1074,5,4
1074,16,3
1074,1066,2
1074,1067,1
1074,1074,0
1075,1,5
1075,5,4
1075,16,3
1075,1066,2
1075,1067,1
1075,1075,0
1076,1,5
1076,5,4
1076,16,3
1076,1066,2
1076,1067,1
1076,1076,0
1077,1,5
1077,5,4
1077,16,3
1077,1066,2
1077,1067,1
1077,1077,0
1078,1,5
1078,5,4
1078,16,3
1078,1066,2
1078,1068,1
1078,1078,0
1079,1,5
1079,5,4
1079,16,3
1079,1066,2
1079,1068,1
1079,1079,0
1080,1,5
1080,5,4
1080,16,3
1080,1066,2
1080,1068,1
1080,1080,0
1081,1,5
1081,5,4
1081,16,3
1081,1066,2
1081,1068,1
1081,1081,0
1082,1,5
1082,5,4
1082,16,3
1082,1066,2
1082,1068,1
1082,1082,0
1083,1,5
1083,5,4
1083,16,3
1083,1066,2
1083,1069,1
1083,1083,0
1084,1,5
1084,5,4
1084,16,3
1084,1066,2
1084,1069,1
1084,1084,0
1085,1,5
1085,5,4
1085,16,3
1085,1066,2
1085,1069,1
1085,1085,0
1086,1,5
1086,5,4
1086,16,3
1086,1066,2
1086,1069,1
1086,1086,0
1087,1,5
1087,5,4
1087,16,3
1087,1066,2
1087,1069,1
1087,1087,0
1088,1,5
1088,5,4
1088,16,3
1088,1066,2
1088,1067,1
1088,1088,0
1089,1,5
1089,5,4
1089,16,3
1089,1066,2
1089,1067,1
1089,1089,0
1090,1,5
1090,5,4
1090,16,3
1090,1066,2
1090,1067,1
1090,1090,0
1091,1,5
1091,5,4
1091,16,3
1091,1066,2
1091,1067,1
1091,1091,0
1092,1,5
1092,5,4
1092,16,3
1092,1066,2
1092,1067,1
1092,1092,0
1093,1,5
1093,5,4
1093,16,3
1093,1066,2
1093,1067,1
1093,1093,0
1094,1,5
1094,5,4
1094,16,3
1094,1066,2
1094,1068,1
1094,1094,0
1095,1,5
1095,5,4
1095,16,3
1095,1066,2
1095,1068,1
1095,1095,0
1096,1,5
1096,5,4
1096,16,3
1096,1066,2
1096,1068,1
1096,1096,0
1097,1,5
1097,5,4
1097,16,3
1097,1066,2
1097,1068,1
1097,1097,0
1098,1,5
1098,5,4
1098,16,3
1098,1066,2
1098,1068,1
1098,1098,0
1099,1,5
1099,5,4
1099,16,3
1099,1066,2
1099,1068,1
1099,1099,0
1100,1,5
1100,5,4
1100,16,3
1100,1066,2
1100,1069,1
1100,1100,0
1101,1,5
1101,5,4
1101,16,3
1101,1066,2
1101,1069,1
1101,1101,0
1102,1,5
1102,5,4
1102,16,3
1102,1066,2
1102,1069,1
1102,1102,0
1103,1,5
1103,5,4
1103,16,3
1103,1066,2
1103,1069,1
1103,1103,0
1104,1,5
1104,5,4
1104,16,3
1104,1066,2
1104,1069,1
1104,1104,0
1105,1,5
1105,5,4
1105,16,3
1105,1066,2
1105,1069,1
1105,1105,0
1106,1,5
1106,5,4
1106,16,3
1106,1066,2
1106,1067,1
1106,1106,0
1107,1,5
1107,5,4
1107,16,3
1107,1066,2
1107,1067,1
1107,1107,0
1108,1,5
1108,5,4
1108,16,3
1108,1066,2
1108,1067,1
1108,1108,0
1109,1,5
1109,5,4
1109,16,3
1109,1066,2
1109,1067,1
1109,1109,0
1110,1,5
1110,5,4
1110,16,3
1110,1066,2
1110,1067,1
1110,1110,0
1111,1,5
1111,5,4
1111,16,3
1111,1066,2
1111,1068,1
1111,1111,0
1112,1,5
1112,5,4
1112,16,3
1112,1066,2
1112,1068,1
1112,1112,0
1113,1,5
1113,5,4
1113,16,3
1113,1066,2
1113,1068,1
1113,1113,0
1114,1,5
1114,5,4
1114,16,3
1114,1066,2
1114,1068,1
1114,1114,0
1115,1,5
1115,5,4
1115,16,3
1115,1066,2
1115,1068,1
1115,1115,0
1116,1,5
1116,5,4
1116,16,3
1116,1066,2
1116,1069,1
1116,1116,0
1117,1,5
1117,5,4
1117,16,3
1117,1066,2
1117,1069,1
1117,1117,0
1118,1,5
1118,5,4
1118,16,3
1118,1066,2
1118,1069,1
1118,1118,0
1119,1,5
1119,5,4
1119,16,3
1119,1066,2
1119,1069,1
1119,1119,0
1120,1,5
1120,5,4
1120,16,3
1120,1066,2
1120,1069,1
1120,1120,0
1121,1,5
1121,5,4
1121,16,3
1121,1066,2
1121,1067,1
1121,1121,0
1122,1,5
1122,5,4
1122,16,3
1122,1066,2
1122,1067,1
1122,1122,0
1123,1,5
1123,5,4
1123,16,3
1123,1066,2
1123,1067,1
1123,1123,0
1124,1,5
1124,5,4
1124,16,3
1124,1066,2
1124,1067,1
1124,1124,0
1125,1,5
1125,5,4
1125,16,3
1125,1066,2
1125,1067,1
1125,1125,0
1126,1,5
1126,5,4
1126,16,3
1126,1066,2
1126,1067,1
1126,1126,0
1127,1,5
1127,5,4
1127,16,3
1127,1066,2
1127,1068,1
1127,1127,0
1128,1,5
1128,5,4
1128,16,3
1128,1066,2
1128,1068,1
1128,1128,0
1129,1,5
1129,5,4
1129,16,3
1129,1066,2
1129,1068,1
1129,1129,0
1130,1,5
1130,5,4
1130,16,3
1130,1066,2
1130,1068,1
1130,1130,0
1131,1,5
1131,5,4
1131,16,3
1131,1066,2
1131,1068,1
1131,1131,0
1132,1,5
1132,5,4
1132,16,3
1132,1066,2
1132,1068,1
1132,1132,0
1133,1,5
1133,5,4
1133,16,3
1133,1066,2
1133,1069,1
1133,1133,0
1134,1,5
1134,5,4
1134,16,3
1134,1066,2
1134,1069,1
1134,1134,0
1135,1,5
1135,5,4
1135,16,3
1135,1066,2
1135,1069,1
1135,1135,0
1136,1,5
1136,5,4
1136,16,3
1136,1066,2
1136,1069,1
1136,1136,0
1137,1,5
1137,5,4
1137,16,3
1137,1066,2
1137,1069,1
1137,1137,0
1138,1,5
1138,5,4
1138,16,3
1138,1066,2
1138,1069,1
1138,1138,0
1139,1,3
1139,5,2
1139,17,1
1139,1139,0
1140,1,4
1140,5,3
1140,17,2
1140,1139,1
1140,1140,0
1141,1,4
1141,5,3
1141,17,2
1141,1139,1
1141,1141,0
1142,1,4
1142,5,3
1142,17,2
1142,1139,1
1142,1142,0
1143,1,5
1143,5,4
1143,17,3
1143,1139,2
1143,1140,1
1143,1143,0
1144,1,5
1144,5,4
1144,17,3
1144,1139,2
1144,1140,1
1144,1144,0
1145,1,4
1145,5,3
1145,17,2
1145,1139,1
1145,1145,0
1146,1,4
1146,5,3
1146,17,2
1146,1139,1
1146,1146,0
1147,1,5
1147,5,4
1147,17,3
1147,1139,2
1147,1140,1
1147,1147,0
1148,1,5
1148,5,4
1148,17,3
1148,1139,2
1148,1140,1
1148,1148,0
1149,1,4
1149,5,3
1149,17,2
1149,1139,1
1149,1149,0
1150,1,4
1150,5,3
1150,17,2
1150,1139,1
1150,1150,0
1151,1,5
1151,5,4
1151,17,3
1151,1139,2
1151,1140,1
1151,1151,0
1152,1,5
1152,5,4
1152,17,3
1152,1139,2
1152,1140,1
1152,1152,0
1153,1,4
1153,5,3
1153,17,2
1153,1139,1
1153,1153,0
1154,1,4
1154,5,3
1154,17,2
1154,1139,1
1154,1154,0
1155,1,5
1155,5,4
1155,17,3
1155,1139,2
1155,1140,1
1155,1155,0
1156,1,5
1156,5,4
1156,17,3
1156,1139,2
1156,1140,1
1156,1156,0
(7179 rows)
