testUUID,testString
ab6ea48a-fcd1-11e9-83b2-676054ae3043,am1r6ec071t5
ab6ea48b-fcd1-11e9-83b2-676054ae3043,57iik2ls4gt3e
ab6ea48c-fcd1-11e9-83b2-676054ae3043,4k4aqq7asjitg
ab6ea48d-fcd1-11e9-83b2-676054ae3043,1mbi7p22nfoin
ab6ea48e-fcd1-11e9-83b2-676054ae3043,2mkg35pmptp9v
ab6ea48f-fcd1-11e9-83b2-676054ae3043,2albt0lcksmr8
ab6ea490-fcd1-11e9-83b2-676054ae3043,5uvp66j09rgaf
ab6ea491-fcd1-11e9-83b2-676054ae3043,17hco91vdmpfd
ab6ea492-fcd1-11e9-83b2-676054ae3043,muql4mr0bpvb
ab6ea493-fcd1-11e9-83b2-676054ae3043,478sfp71ti7ho
ab6ea494-fcd1-11e9-83b2-676054ae3043,5tjvhe94cdu0j
ab6ea495-fcd1-11e9-83b2-676054ae3043,38kvgo7oh6r50
ab6ea496-fcd1-11e9-83b2-676054ae3043,7d1gg38f4ngvo
ab6ea497-fcd1-11e9-83b2-676054ae3043,4seetpvcjgjed
ab6ea498-fcd1-11e9-83b2-676054ae3043,246oumr7ht1ms
ab6ea499-fcd1-11e9-83b2-676054ae3043,2dq0ksrbhajcq
ab6ea49a-fcd1-11e9-83b2-676054ae3043,63r1ajt459d0v
ab6ea49b-fcd1-11e9-83b2-676054ae3043,7q669epa6k19f
ab6ea49c-fcd1-11e9-83b2-676054ae3043,2jl5okpjd17ok
ab6ea49d-fcd1-11e9-83b2-676054ae3043,t7j48vhann3n
ab6ea49e-fcd1-11e9-83b2-676054ae3043,5f8336ssbl9jq
ab6ea49f-fcd1-11e9-83b2-676054ae3043,e9lhhl3uc9hf
ab6ea4a0-fcd1-11e9-83b2-676054ae3043,7j5c7c3eomok2
ab6ea4a1-fcd1-11e9-83b2-676054ae3043,6rjfum4ckl9nc
ab6ea4a2-fcd1-11e9-83b2-676054ae3043,lnkf297epllb
ab6ea4a3-fcd1-11e9-83b2-676054ae3043,760ioqgjfq9gt
ab6ea4a4-fcd1-11e9-83b2-676054ae3043,5jtpekhvtnfdo
ab6ea4a5-fcd1-11e9-83b2-676054ae3043,4119894a5piva
ab6ea4a6-fcd1-11e9-83b2-676054ae3043,3acdge4hjmlbq
ab6ea4a7-fcd1-11e9-83b2-676054ae3043,1ienneesn10a4
ab6ea4a8-fcd1-11e9-83b2-676054ae3043,3r8ve8gvemmg5
ab6ea4a9-fcd1-11e9-83b2-676054ae3043,1adfj1oanror3
ab6ea4aa-fcd1-11e9-83b2-676054ae3043,2gjd4u7j8vho3
ab6ea4ab-fcd1-11e9-83b2-676054ae3043,3g5o3faeajocm
ab6ea4ac-fcd1-11e9-83b2-676054ae3043,9n1m5lhcr8to
ab6ea4ad-fcd1-11e9-83b2-676054ae3043,384h577gtthl6
ab6ea4ae-fcd1-11e9-83b2-676054ae3043,708s9gnitord5
ab6ea4af-fcd1-11e9-83b2-676054ae3043,323bvh22r98ij
ab6ea4b0-fcd1-11e9-83b2-676054ae3043,3ioe2j743vis1
ab6ea4b1-fcd1-11e9-83b2-676054ae3043,1qensu3g946uf
ab6ea4b2-fcd1-11e9-83b2-676054ae3043,33bgeisj26jhq
ab6ea4b3-fcd1-11e9-83b2-676054ae3043,57nj1tme0dcpt
ab6ea4b4-fcd1-11e9-83b2-676054ae3043,3fvt6e29tr2gm
ab6ea4b5-fcd1-11e9-83b2-676054ae3043,4s8vjo492pv3f
ab6ea4b6-fcd1-11e9-83b2-676054ae3043,skoi8coln4f8
ab6ea4b7-fcd1-11e9-83b2-676054ae3043,506mve4mmpkss
ab6ea4b8-fcd1-11e9-83b2-676054ae3043,477q7k4k5c998
ab6ea4b9-fcd1-11e9-83b2-676054ae3043,5oljv0ggl75f3
ab6ea4ba-fcd1-11e9-83b2-676054ae3043,fne6gr7q9oe8
ab6ea4bb-fcd1-11e9-83b2-676054ae3043,3gqdapnfbffk3
ab6ea4bc-fcd1-11e9-83b2-676054ae3043,4oeth4k1q4l8d
ab6ea4bd-fcd1-11e9-83b2-676054ae3043,6i8o1ecco61k0
ab6ea4be-fcd1-11e9-83b2-676054ae3043,2kec5uiqb3dms
ab6ea4bf-fcd1-11e9-83b2-676054ae3043,4dhv811v8f4hs
ab6ea4c0-fcd1-11e9-83b2-676054ae3043,38f47ma4hh7ip
ab6ea4c1-fcd1-11e9-83b2-676054ae3043,6apg9dbsjo9kq
ab6ea4c2-fcd1-11e9-83b2-676054ae3043,3854pqapjk2e3
ab6ea4c3-fcd1-11e9-83b2-676054ae3043,gavh69uh2beg
ab6ea4c4-fcd1-11e9-83b2-676054ae3043,4jm92164um3t0
ab6ea4c5-fcd1-11e9-83b2-676054ae3043,vp017ggnnm55
ab6ea4c6-fcd1-11e9-83b2-676054ae3043,2djfikjdek9qr
ab6ea4c7-fcd1-11e9-83b2-676054ae3043,37dia6ufvn1j4
ab6ea4c8-fcd1-11e9-83b2-676054ae3043,716tg40kh885i
ab6ea4c9-fcd1-11e9-83b2-676054ae3043,6sl6e61l6jsj3
ab6ea4ca-fcd1-11e9-83b2-676054ae3043,5nha89asbbfgp
ab6ea4cb-fcd1-11e9-83b2-676054ae3043,3ir9gdog9jar1
ab6ea4cc-fcd1-11e9-83b2-676054ae3043,13ooe37q3e4f2
ab6ea4cd-fcd1-11e9-83b2-676054ae3043,ordcka1vktdl
ab6ea4ce-fcd1-11e9-83b2-676054ae3043,k7kj02h9etsd
ab6ea4cf-fcd1-11e9-83b2-676054ae3043,84ii4905cqp2
ab6ea4d0-fcd1-11e9-83b2-676054ae3043,1c1v1a6hpaq7b
ab6ea4d1-fcd1-11e9-83b2-676054ae3043,3f5eibib47vmu
ab6ea4d2-fcd1-11e9-83b2-676054ae3043,2pjcputhe8kpb
ab6ea4d3-fcd1-11e9-83b2-676054ae3043,6kiu797v1f1fh
ab6ea4d4-fcd1-11e9-83b2-676054ae3043,3o0vs29c3vahd
ab6ea4d5-fcd1-11e9-83b2-676054ae3043,5bm4cabh28k26
ab6ea4d6-fcd1-11e9-83b2-676054ae3043,7p8l25kdhq09l
ab6ea4d7-fcd1-11e9-83b2-676054ae3043,7ucmhgusshgju
ab6ecae8-fcd1-11e9-83b2-676054ae3043,4n6ujjtn7r6au
ab6ecae9-fcd1-11e9-83b2-676054ae3043,7sh9m0i9f6del
ab6ecaea-fcd1-11e9-83b2-676054ae3043,6miij5evcbfp9
ab6ecaeb-fcd1-11e9-83b2-676054ae3043,7rhtc80r64hfp
ab6ecaec-fcd1-11e9-83b2-676054ae3043,6ngres6prukpg
ab6ecaed-fcd1-11e9-83b2-676054ae3043,2hm9mjvh6vutf
ab6ecaee-fcd1-11e9-83b2-676054ae3043,1p1kitupje5sr
ab6ecaef-fcd1-11e9-83b2-676054ae3043,1o8kgtnfd77ht
ab6ecaf0-fcd1-11e9-83b2-676054ae3043,46vjtfr81ivlq
ab6ecaf1-fcd1-11e9-83b2-676054ae3043,5d8llgg2fqhi9
ab6ecaf2-fcd1-11e9-83b2-676054ae3043,qqg8g3s8g6br
ab6ecaf3-fcd1-11e9-83b2-676054ae3043,12159dl90i1ug
ab6ecaf4-fcd1-11e9-83b2-676054ae3043,1hi7254gbrrq
ab6ecaf5-fcd1-11e9-83b2-676054ae3043,6jrc3cbj78s7o
ab6ecaf6-fcd1-11e9-83b2-676054ae3043,3go21tkulllff
ab6ecaf7-fcd1-11e9-83b2-676054ae3043,2b2rvir98o3v8
ab6ecaf8-fcd1-11e9-83b2-676054ae3043,7u6qhhhhjoq7v
ab6ecaf9-fcd1-11e9-83b2-676054ae3043,4t6g6es8rjbs
ab6ecafa-fcd1-11e9-83b2-676054ae3043,5di767egn2l0h
ab6ecafb-fcd1-11e9-83b2-676054ae3043,3ibllq6m12jvf
ab6ecafc-fcd1-11e9-83b2-676054ae3043,7uu1as73crfe
ab6ecafd-fcd1-11e9-83b2-676054ae3043,dpj5s92rlqmp
(100 rows)
